{"type":"FeatureCollection","features":[{"type":"Feature","id":"way/75650820","properties":{"highway":"track","incline":"up","motor_vehicle":"no","mtb:scale":"0","mtb:scale:uphill":"0","smoothness":"bad","surface":"fine_gravel","tracktype":"grade2","width":"3","@id":"way/75650820","osm_way_id":75650820,"incline_source":"OSM","elevation_lower_m":534,"elevation_higher_m":536,"elevation_difference_m":3,"elevation_source":"swisstopo Height Service / swissALTI3D","elevation_status":"ok","elevation_min_m":534,"elevation_max_m":536,"elevation_gain_m":0,"elevation_loss_m":0,"average_grade_percent":1.8,"max_uphill_percent":3.6,"max_downhill_percent":0.0,"grade_window_m":40.0,"elevation_length_m":153,"elevation_profile_ref":"way/75650820"},"geometry":{"type":"LineString","coordinates":[[8.2901169,47.0501192],[8.2902244,47.0500363],[8.2902997,47.0499596],[8.2903485,47.0498872],[8.2904124,47.0497903],[8.2905171,47.0496408],[8.2905693,47.0495775],[8.2908186,47.0494814],[8.2909882,47.0494169],[8.2912358,47.0493314],[8.2913884,47.0492893],[8.2915315,47.0492142]]}},{"type":"Feature","id":"way/161107990","properties":{"highway":"path","mtb:scale":"0","sac_scale":"hiking","smoothness":"intermediate","surface":"fine_gravel","trail_visibility":"excellent","width":"1.5","@id":"way/161107990","osm_way_id":161107990,"elevation_lower_m":529,"elevation_higher_m":534,"elevation_difference_m":7,"elevation_source":"swisstopo Height Service / swissALTI3D","elevation_status":"ok","elevation_min_m":529,"elevation_max_m":536,"elevation_gain_m":0,"elevation_loss_m":6,"average_grade_percent":-1.6,"max_uphill_percent":3.5,"max_downhill_percent":-7.7,"grade_window_m":40.0,"elevation_length_m":343,"elevation_profile_ref":"way/161107990"},"geometry":{"type":"LineString","coordinates":[[8.2903485,47.0498872],[8.2946286,47.050901]]}},{"type":"Feature","id":"way/391792398","properties":{"highway":"path","mtb:scale":"1","sac_scale":"hiking","smoothness":"very_horrible","surface":"ground","trail_visibility":"good","width":"0.3","@id":"way/391792398","osm_way_id":391792398,"elevation_lower_m":525,"elevation_higher_m":529,"elevation_difference_m":3,"elevation_source":"swisstopo Height Service / swissALTI3D","elevation_status":"ok","elevation_min_m":525,"elevation_max_m":529,"elevation_gain_m":3,"elevation_loss_m":0,"average_grade_percent":7.5,"max_uphill_percent":8.5,"max_downhill_percent":0.0,"grade_window_m":40.0,"elevation_length_m":45,"elevation_profile_ref":"way/391792398"},"geometry":{"type":"LineString","coordinates":[[8.2834625,47.0504406],[8.2832822,47.0507412],[8.2832596,47.0508209]]}},{"type":"Feature","id":"way/473421092","properties":{"highway":"path","mtb:scale":"0","sac_scale":"hiking","smoothness":"very_bad","surface":"fine_gravel","trail_visibility":"excellent","width":"1","@id":"way/473421092","osm_way_id":473421092,"elevation_lower_m":533,"elevation_higher_m":535,"elevation_difference_m":5,"elevation_source":"swisstopo Height Service / swissALTI3D","elevation_status":"ok","elevation_min_m":533,"elevation_max_m":538,"elevation_gain_m":2,"elevation_loss_m":0,"average_grade_percent":0.6,"max_uphill_percent":6.9,"max_downhill_percent":-3.6,"grade_window_m":40.0,"elevation_length_m":357,"elevation_profile_ref":"way/473421092"},"geometry":{"type":"LineString","coordinates":[[8.2897754,47.0503737],[8.290034,47.0504359],[8.2904015,47.0505604],[8.290967,47.050711],[8.2919187,47.0509892],[8.2926154,47.0511598],[8.293124,47.051293],[8.293407,47.051318],[8.2941899,47.0514669]]}},{"type":"Feature","id":"way/626614952","properties":{"highway":"path","mtb:scale":"0","sac_scale":"hiking","smoothness":"horrible","surface":"ground","trail_visibility":"excellent","width":"0.5","@id":"way/626614952","osm_way_id":626614952,"elevation_lower_m":542,"elevation_higher_m":545,"elevation_difference_m":4,"elevation_source":"swisstopo Height Service / swissALTI3D","elevation_status":"ok","elevation_min_m":541,"elevation_max_m":545,"elevation_gain_m":0,"elevation_loss_m":3,"average_grade_percent":-1.9,"max_uphill_percent":6.1,"max_downhill_percent":-6.4,"grade_window_m":40.0,"elevation_length_m":183,"elevation_profile_ref":"way/626614952"},"geometry":{"type":"LineString","coordinates":[[8.2822787,47.0482507],[8.2822796,47.0482943],[8.2823601,47.0483904],[8.2824131,47.0484282],[8.2825406,47.0484728],[8.2826665,47.0485043],[8.2827893,47.0485077],[8.2830227,47.0485259],[8.283237,47.0485658],[8.2834959,47.0486127],[8.2835806,47.0486605],[8.2837481,47.0487525],[8.2838436,47.0488022],[8.2838968,47.0488239],[8.2841294,47.0488849],[8.2843573,47.0489213]]}},{"type":"Feature","id":"way/630494795","properties":{"highway":"path","incline":"up","mtb:scale":"0","sac_scale":"hiking","smoothness":"bad","surface":"ground","trail_visibility":"excellent","width":"0.3","@id":"way/630494795","osm_way_id":630494795,"incline_source":"OSM","elevation_lower_m":533,"elevation_higher_m":546,"elevation_difference_m":14,"elevation_source":"swisstopo Height Service / swissALTI3D","elevation_status":"ok","elevation_min_m":533,"elevation_max_m":547,"elevation_gain_m":11,"elevation_loss_m":1,"average_grade_percent":4.1,"max_uphill_percent":12.2,"max_downhill_percent":-6.8,"grade_window_m":40.0,"elevation_length_m":318,"elevation_profile_ref":"way/630494795"},"geometry":{"type":"LineString","coordinates":[[8.28981,47.0503277],[8.2894663,47.0503116],[8.2889494,47.0502073],[8.2884923,47.0500952],[8.286978,47.0497369],[8.2860924,47.0495438],[8.2858217,47.0494699]]}},{"type":"Feature","id":"way/632106080","properties":{"highway":"path","mtb:scale":"0","sac_scale":"hiking","smoothness":"intermediate","surface":"ground","trail_visibility":"excellent","width":"1","@id":"way/632106080","osm_way_id":632106080,"elevation_lower_m":552,"elevation_higher_m":552,"elevation_difference_m":0,"elevation_source":"swisstopo Height Service / swissALTI3D","elevation_status":"ok","elevation_min_m":552,"elevation_max_m":552,"elevation_gain_m":0,"elevation_loss_m":0,"average_grade_percent":7.3,"max_uphill_percent":7.3,"max_downhill_percent":0.0,"grade_window_m":40.0,"elevation_length_m":4,"elevation_profile_ref":"way/632106080"},"geometry":{"type":"LineString","coordinates":[[8.2868423,47.0464733],[8.2868018,47.0464488]]}},{"type":"Feature","id":"way/632545890","properties":{"highway":"path","mtb:scale":"0","sac_scale":"hiking","smoothness":"horrible","surface":"fine_gravel","trail_visibility":"excellent","width":"0.5","@id":"way/632545890","osm_way_id":632545890,"elevation_lower_m":555,"elevation_higher_m":557,"elevation_difference_m":2,"elevation_source":"swisstopo Height Service / swissALTI3D","elevation_status":"ok","elevation_min_m":555,"elevation_max_m":557,"elevation_gain_m":0,"elevation_loss_m":2,"average_grade_percent":-12.9,"max_uphill_percent":0.0,"max_downhill_percent":-12.9,"grade_window_m":40.0,"elevation_length_m":16,"elevation_profile_ref":"way/632545890"},"geometry":{"type":"LineString","coordinates":[[8.2868646,47.0471439],[8.2870356,47.0470555]]}},{"type":"Feature","id":"way/639943687","properties":{"highway":"path","incline":"down","mtb:scale":"2","sac_scale":"hiking","smoothness":"very_horrible","surface":"ground","trail_visibility":"good","width":"0.3","@id":"way/639943687","osm_way_id":639943687,"incline_source":"OSM","elevation_lower_m":564,"elevation_higher_m":582,"elevation_difference_m":18,"elevation_source":"swisstopo Height Service / swissALTI3D","elevation_status":"ok","elevation_min_m":564,"elevation_max_m":582,"elevation_gain_m":0,"elevation_loss_m":18,"average_grade_percent":-20.2,"max_uphill_percent":0.0,"max_downhill_percent":-25.2,"grade_window_m":40.0,"elevation_length_m":92,"elevation_profile_ref":"way/639943687"},"geometry":{"type":"LineString","coordinates":[[8.2823703,47.0472036],[8.2822626,47.0472542],[8.2821788,47.047302],[8.2824132,47.0474786],[8.2824326,47.0475687],[8.2825016,47.0476501],[8.2826044,47.0477109],[8.2826773,47.0478463]]}},{"type":"Feature","id":"way/49302765","properties":{"highway":"track","incline":"up","mtb:scale":"0","mtb:scale:uphill":"0","smoothness":"very_bad","surface":"asphalt","tracktype":"grade1","width":"3","@id":"way/49302765","osm_way_id":49302765,"incline_source":"OSM","elevation_lower_m":499,"elevation_higher_m":506,"elevation_difference_m":6,"elevation_source":"swisstopo Height Service / swissALTI3D","elevation_status":"ok","elevation_min_m":499,"elevation_max_m":506,"elevation_gain_m":6,"elevation_loss_m":0,"average_grade_percent":12.1,"max_uphill_percent":15.4,"max_downhill_percent":0.0,"grade_window_m":40.0,"elevation_length_m":54,"elevation_profile_ref":"way/49302765"},"geometry":{"type":"LineString","coordinates":[[8.295729,47.0487044],[8.2954531,47.0487677],[8.2952331,47.0488115],[8.2950476,47.0488322]]}},{"type":"Feature","id":"way/75650821","properties":{"highway":"path","mtb:scale":"0","sac_scale":"hiking","smoothness":"intermediate","surface":"fine_gravel","trail_visibility":"excellent","width":"1","@id":"way/75650821","osm_way_id":75650821,"elevation_lower_m":526,"elevation_higher_m":528,"elevation_difference_m":2,"elevation_source":"swisstopo Height Service / swissALTI3D","elevation_status":"ok","elevation_min_m":526,"elevation_max_m":528,"elevation_gain_m":0,"elevation_loss_m":1,"average_grade_percent":-7.3,"max_uphill_percent":0.0,"max_downhill_percent":-30.0,"grade_window_m":40.0,"elevation_length_m":22,"elevation_profile_ref":"way/75650821"},"geometry":{"type":"LineString","coordinates":[[8.291659,47.0477745],[8.2916678,47.0477123],[8.2916648,47.0476791],[8.2916494,47.0476401],[8.2915988,47.0475889]]}},{"type":"Feature","id":"way/391792401","properties":{"highway":"path","mtb:scale":"0","sac_scale":"hiking","smoothness":"bad","surface":"gravel","trail_visibility":"excellent","width":"0.5","@id":"way/391792401","osm_way_id":391792401,"elevation_lower_m":532,"elevation_higher_m":540,"elevation_difference_m":12,"elevation_source":"swisstopo Height Service / swissALTI3D","elevation_status":"ok","elevation_min_m":532,"elevation_max_m":544,"elevation_gain_m":4,"elevation_loss_m":11,"average_grade_percent":-3.1,"max_uphill_percent":6.9,"max_downhill_percent":-8.1,"grade_window_m":40.0,"elevation_length_m":271,"elevation_profile_ref":"way/391792401"},"geometry":{"type":"LineString","coordinates":[[8.2855965,47.0497949],[8.285893,47.049881],[8.2868261,47.0501279],[8.2871335,47.0501816],[8.2879094,47.0503266],[8.2890025,47.0505374]]}},{"type":"Feature","id":"way/447742198","properties":{"highway":"track","incline":"up","motor_vehicle":"no","mtb:scale":"0","mtb:scale:uphill":"0","smoothness":"very_bad","surface":"gravel","tracktype":"grade2","width":"2.5","@id":"way/447742198","osm_way_id":447742198,"incline_source":"OSM","elevation_lower_m":535,"elevation_higher_m":540,"elevation_difference_m":6,"elevation_source":"swisstopo Height Service / swissALTI3D","elevation_status":"ok","elevation_min_m":535,"elevation_max_m":540,"elevation_gain_m":6,"elevation_loss_m":0,"average_grade_percent":13.4,"max_uphill_percent":13.8,"max_downhill_percent":0.0,"grade_window_m":40.0,"elevation_length_m":41,"elevation_profile_ref":"way/447742198"},"geometry":{"type":"LineString","coordinates":[[8.2908186,47.0494814],[8.290868,47.0493683],[8.2908585,47.049245],[8.2908155,47.0491217]]}},{"type":"Feature","id":"way/473421093","properties":{"highway":"track","motor_vehicle":"no","mtb:scale":"0","smoothness":"bad","surface":"fine_gravel","tracktype":"grade2","width":"5","@id":"way/473421093","osm_way_id":473421093,"elevation_lower_m":533,"elevation_higher_m":534,"elevation_difference_m":1,"elevation_source":"swisstopo Height Service / swissALTI3D","elevation_status":"ok","elevation_min_m":533,"elevation_max_m":534,"elevation_gain_m":0,"elevation_loss_m":0,"average_grade_percent":1.5,"max_uphill_percent":1.6,"max_downhill_percent":0.0,"grade_window_m":40.0,"elevation_length_m":39,"elevation_profile_ref":"way/473421093"},"geometry":{"type":"LineString","coordinates":[[8.2897754,47.0503737],[8.28981,47.0503277],[8.289892,47.050248],[8.2901169,47.0501192]]}},{"type":"Feature","id":"way/632136761","properties":{"highway":"track","incline":"up","motor_vehicle":"no","mtb:scale":"0","mtb:scale:uphill":"0","smoothness":"very_bad","surface":"gravel","tracktype":"grade2","width":"3","@id":"way/632136761","osm_way_id":632136761,"incline_source":"OSM","elevation_lower_m":523,"elevation_higher_m":524,"elevation_difference_m":1,"elevation_source":"swisstopo Height Service / swissALTI3D","elevation_status":"ok","elevation_min_m":523,"elevation_max_m":524,"elevation_gain_m":0,"elevation_loss_m":0,"average_grade_percent":-3.0,"max_uphill_percent":0.0,"max_downhill_percent":-3.0,"grade_window_m":40.0,"elevation_length_m":37,"elevation_profile_ref":"way/632136761"},"geometry":{"type":"LineString","coordinates":[[8.2934464,47.0493425],[8.2938114,47.0492467],[8.2938934,47.0492181]]}},{"type":"Feature","id":"way/632549228","properties":{"highway":"path","incline":"down","mtb:scale":"1","sac_scale":"hiking","smoothness":"very_horrible","surface":"ground","trail_visibility":"intermediate","width":"0.3","@id":"way/632549228","osm_way_id":632549228,"incline_source":"OSM","elevation_lower_m":559,"elevation_higher_m":581,"elevation_difference_m":22,"elevation_source":"swisstopo Height Service / swissALTI3D","elevation_status":"ok","elevation_min_m":559,"elevation_max_m":582,"elevation_gain_m":0,"elevation_loss_m":21,"average_grade_percent":-8.9,"max_uphill_percent":0.6,"max_downhill_percent":-15.4,"grade_window_m":40.0,"elevation_length_m":248,"elevation_profile_ref":"way/632549228"},"geometry":{"type":"LineString","coordinates":[[8.2835011,47.0466573],[8.2837897,47.0466265],[8.2839342,47.04675],[8.2841195,47.0468222],[8.2842837,47.0468561],[8.2844414,47.0469036],[8.284733,47.0469848],[8.2850208,47.0470516],[8.2853611,47.0470928],[8.2856407,47.0471248],[8.2859427,47.0471587],[8.286233,47.0472384],[8.286559,47.0472641]]}},{"type":"Feature","id":"way/633224751","properties":{"highway":"path","incline":"down","mtb:scale":"0","sac_scale":"hiking","smoothness":"horrible","surface":"ground","trail_visibility":"good","width":"0.3","@id":"way/633224751","osm_way_id":633224751,"incline_source":"OSM","elevation_lower_m":530,"elevation_higher_m":538,"elevation_difference_m":7,"elevation_source":"swisstopo Height Service / swissALTI3D","elevation_status":"ok","elevation_min_m":530,"elevation_max_m":538,"elevation_gain_m":0,"elevation_loss_m":7,"average_grade_percent":-13.7,"max_uphill_percent":0.0,"max_downhill_percent":-17.5,"grade_window_m":40.0,"elevation_length_m":53,"elevation_profile_ref":"way/633224751"},"geometry":{"type":"LineString","coordinates":[[8.2926154,47.0511598],[8.2926117,47.0512287],[8.2924911,47.0513853],[8.2923732,47.0516048]]}},{"type":"Feature","id":"way/639943688","properties":{"highway":"track","incline":"down","mtb:scale":"1","smoothness":"horrible","surface":"gravel","width":"2","@id":"way/639943688","osm_way_id":639943688,"incline_source":"OSM","elevation_lower_m":556,"elevation_higher_m":564,"elevation_difference_m":7,"elevation_source":"swisstopo Height Service / swissALTI3D","elevation_status":"ok","elevation_min_m":556,"elevation_max_m":564,"elevation_gain_m":0,"elevation_loss_m":7,"average_grade_percent":-18.4,"max_uphill_percent":0.0,"max_downhill_percent":-18.4,"grade_window_m":40.0,"elevation_length_m":39,"elevation_profile_ref":"way/639943688"},"geometry":{"type":"LineString","coordinates":[[8.2826773,47.0478463],[8.2829103,47.0479424],[8.2831212,47.0480164]]}},{"type":"Feature","id":"way/45031057","properties":{"highway":"track","incline":"down","mtb:scale":"0","smoothness":"very_bad","surface":"gravel","tracktype":"grade3","width":"2.5","@id":"way/45031057","osm_way_id":45031057,"incline_source":"OSM","elevation_lower_m":582,"elevation_higher_m":586,"elevation_difference_m":4,"elevation_source":"swisstopo Height Service / swissALTI3D","elevation_status":"ok","elevation_min_m":582,"elevation_max_m":586,"elevation_gain_m":0,"elevation_loss_m":3,"average_grade_percent":-4.3,"max_uphill_percent":0.0,"max_downhill_percent":-8.4,"grade_window_m":40.0,"elevation_length_m":99,"elevation_profile_ref":"way/45031057"},"geometry":{"type":"LineString","coordinates":[[8.2827813,47.0463733],[8.2826745,47.0464994],[8.2825906,47.0466464],[8.282536,47.0467634],[8.2824475,47.0468783],[8.2824272,47.0469552],[8.2824217,47.0470817],[8.2824012,47.0471505],[8.2823703,47.0472036]]}},{"type":"Feature","id":"way/73541363","properties":{"highway":"track","incline":"down","motor_vehicle":"no","mtb:scale":"2","mtb:scale:uphill":"3","smoothness":"horrible","surface":"gravel","tracktype":"grade2","width":"2.5","@id":"way/73541363","osm_way_id":73541363,"incline_source":"OSM","elevation_lower_m":506,"elevation_higher_m":523,"elevation_difference_m":18,"elevation_source":"swisstopo Height Service / swissALTI3D","elevation_status":"ok","elevation_min_m":506,"elevation_max_m":523,"elevation_gain_m":0,"elevation_loss_m":18,"average_grade_percent":-18.1,"max_uphill_percent":0.0,"max_downhill_percent":-24.1,"grade_window_m":40.0,"elevation_length_m":98,"elevation_profile_ref":"way/73541363"},"geometry":{"type":"LineString","coordinates":[[8.2938934,47.0492181],[8.294557,47.0489726],[8.2948362,47.048881],[8.2949703,47.0488408],[8.2950476,47.0488322]]}},{"type":"Feature","id":"way/391792403","properties":{"highway":"path","incline":"down","mtb:scale":"0","sac_scale":"hiking","smoothness":"bad","surface":"gravel","trail_visibility":"excellent","width":"0.5","@id":"way/391792403","osm_way_id":391792403,"incline_source":"OSM","elevation_lower_m":533,"elevation_higher_m":540,"elevation_difference_m":7,"elevation_source":"swisstopo Height Service / swissALTI3D","elevation_status":"ok","elevation_min_m":533,"elevation_max_m":540,"elevation_gain_m":0,"elevation_loss_m":5,"average_grade_percent":-4.7,"max_uphill_percent":0.0,"max_downhill_percent":-9.2,"grade_window_m":40.0,"elevation_length_m":146,"elevation_profile_ref":"way/391792403"},"geometry":{"type":"LineString","coordinates":[[8.2855965,47.0497949],[8.2852163,47.0496963],[8.2847902,47.0495848],[8.2843678,47.0494882],[8.2842369,47.0494563],[8.2841512,47.0494216],[8.284045,47.0493555],[8.2838864,47.0492331]]}},{"type":"Feature","id":"way/447742200","properties":{"highway":"track","incline":"down","motor_vehicle":"no","mtb:scale":"0","mtb:scale:uphill":"0","smoothness":"bad","surface":"fine_gravel","tracktype":"grade2","width":"2","@id":"way/447742200","osm_way_id":447742200,"incline_source":"OSM","elevation_lower_m":512,"elevation_higher_m":526,"elevation_difference_m":14,"elevation_source":"swisstopo Height Service / swissALTI3D","elevation_status":"ok","elevation_min_m":512,"elevation_max_m":526,"elevation_gain_m":0,"elevation_loss_m":13,"average_grade_percent":-6.2,"max_uphill_percent":0.0,"max_downhill_percent":-11.2,"grade_window_m":40.0,"elevation_length_m":231,"elevation_profile_ref":"way/447742200"},"geometry":{"type":"LineString","coordinates":[[8.2930653,47.0494218],[8.2936358,47.0495233],[8.2937738,47.0495465],[8.2938856,47.049573],[8.2940803,47.0496162],[8.2944271,47.0496893],[8.2947916,47.0497418],[8.2951793,47.0498133],[8.2955807,47.0499226],[8.2959869,47.0499987]]}},{"type":"Feature","id":"way/519908627","properties":{"highway":"track","mtb:scale":"0","smoothness":"bad","surface":"fine_gravel","tracktype":"grade2","width":"2","@id":"way/519908627","osm_way_id":519908627,"elevation_lower_m":552,"elevation_higher_m":557,"elevation_difference_m":5,"elevation_source":"swisstopo Height Service / swissALTI3D","elevation_status":"ok","elevation_min_m":552,"elevation_max_m":557,"elevation_gain_m":0,"elevation_loss_m":2,"average_grade_percent":-2.5,"max_uphill_percent":0.2,"max_downhill_percent":-6.0,"grade_window_m":40.0,"elevation_length_m":204,"elevation_profile_ref":"way/519908627"},"geometry":{"type":"LineString","coordinates":[[8.2868646,47.0471439],[8.2871006,47.0472582],[8.2871935,47.0473175],[8.2873223,47.047416],[8.2874611,47.0475416],[8.2875412,47.0476291],[8.287626,47.0476846],[8.2876743,47.0477038],[8.2877199,47.0477385],[8.2880279,47.0480065],[8.2883965,47.048411],[8.2884243,47.0484448],[8.288498,47.0485774]]}},{"type":"Feature","id":"way/625226075","properties":{"highway":"track","motor_vehicle":"no","mtb:scale":"0","smoothness":"very_bad","surface":"gravel","tracktype":"grade3","width":"2","@id":"way/625226075","osm_way_id":625226075,"elevation_lower_m":553,"elevation_higher_m":556,"elevation_difference_m":3,"elevation_source":"swisstopo Height Service / swissALTI3D","elevation_status":"ok","elevation_min_m":553,"elevation_max_m":556,"elevation_gain_m":0,"elevation_loss_m":3,"average_grade_percent":-1.8,"max_uphill_percent":0.4,"max_downhill_percent":-6.5,"grade_window_m":40.0,"elevation_length_m":168,"elevation_profile_ref":"way/625226075"},"geometry":{"type":"LineString","coordinates":[[8.2831212,47.0480164],[8.28328,47.0480024],[8.2833737,47.0479944],[8.2834725,47.0479996],[8.2835454,47.0480129],[8.2836195,47.0480409],[8.2839602,47.0481651],[8.2841546,47.0482142],[8.2842912,47.0482355],[8.2844284,47.0482449],[8.2846223,47.0482721],[8.2847452,47.0482688],[8.2848943,47.0482668],[8.2850269,47.0482771],[8.2852547,47.0483071]]}},{"type":"Feature","id":"way/631861926","properties":{"highway":"path","incline":"down","mtb:scale":"1","mtb:scale:uphill":"1","sac_scale":"hiking","surface":"earth","trail_visibility":"good","width":"0.3","@id":"way/631861926","osm_way_id":631861926,"incline_source":"OSM","elevation_lower_m":552,"elevation_higher_m":559,"elevation_difference_m":7,"elevation_source":"swisstopo Height Service / swissALTI3D","elevation_status":"ok","elevation_min_m":552,"elevation_max_m":559,"elevation_gain_m":0,"elevation_loss_m":7,"average_grade_percent":-12.4,"max_uphill_percent":0.0,"max_downhill_percent":-13.1,"grade_window_m":40.0,"elevation_length_m":57,"elevation_profile_ref":"way/631861926"},"geometry":{"type":"LineString","coordinates":[[8.2887348,47.0479599],[8.2886998,47.0481032],[8.2883965,47.048411]]}},{"type":"Feature","id":"way/632554925","properties":{"highway":"path","mtb:scale":"3","sac_scale":"hiking","smoothness":"very_horrible","surface":"ground","trail_visibility":"intermediate","width":"0.3","@id":"way/632554925","osm_way_id":632554925,"elevation_lower_m":552,"elevation_higher_m":556,"elevation_difference_m":10,"elevation_source":"swisstopo Height Service / swissALTI3D","elevation_status":"ok","elevation_min_m":552,"elevation_max_m":561,"elevation_gain_m":12,"elevation_loss_m":8,"average_grade_percent":1.3,"max_uphill_percent":9.9,"max_downhill_percent":-12.9,"grade_window_m":40.0,"elevation_length_m":275,"elevation_profile_ref":"way/632554925"},"geometry":{"type":"LineString","coordinates":[[8.2863827,47.0485293],[8.2862244,47.0486108],[8.2861063,47.0486924],[8.2860404,47.0487337],[8.2859859,47.0487465],[8.2858075,47.0487463],[8.2857089,47.0487287],[8.285631,47.0486998],[8.2854959,47.0486363],[8.2853264,47.0485828],[8.2850401,47.0485291],[8.2848269,47.0484696],[8.2846196,47.0483786],[8.2843131,47.0483256],[8.2838521,47.0482572],[8.2834403,47.0481664],[8.2830557,47.0480752]]}},{"type":"Feature","id":"way/633224754","properties":{"highway":"path","incline":"down","mtb:scale":"0","sac_scale":"hiking","smoothness":"very_horrible","surface":"ground","trail_visibility":"intermediate","width":"0.3","@id":"way/633224754","osm_way_id":633224754,"incline_source":"OSM","elevation_lower_m":528,"elevation_higher_m":530,"elevation_difference_m":2,"elevation_source":"swisstopo Height Service / swissALTI3D","elevation_status":"ok","elevation_min_m":528,"elevation_max_m":530,"elevation_gain_m":0,"elevation_loss_m":2,"average_grade_percent":-8.7,"max_uphill_percent":0.0,"max_downhill_percent":-8.7,"grade_window_m":40.0,"elevation_length_m":23,"elevation_profile_ref":"way/633224754"},"geometry":{"type":"LineString","coordinates":[[8.2923732,47.0516048],[8.2922929,47.0518051]]}},{"type":"Feature","id":"way/633594184","properties":{"highway":"path","mtb:scale":"0","sac_scale":"hiking","smoothness":"very_bad","surface":"fine_gravel","trail_visibility":"excellent","width":"1","@id":"way/633594184","osm_way_id":633594184,"elevation_lower_m":525,"elevation_higher_m":528,"elevation_difference_m":3,"elevation_source":"swisstopo Height Service / swissALTI3D","elevation_status":"ok","elevation_min_m":525,"elevation_max_m":528,"elevation_gain_m":0,"elevation_loss_m":0,"average_grade_percent":2.4,"max_uphill_percent":3.7,"max_downhill_percent":0.0,"grade_window_m":40.0,"elevation_length_m":141,"elevation_profile_ref":"way/633594184"},"geometry":{"type":"LineString","coordinates":[[8.2832165,47.050373],[8.2834625,47.0504406],[8.284087,47.0505749],[8.284268,47.050626],[8.2844586,47.0506813],[8.2845349,47.0506902],[8.2846492,47.0506838],[8.2847795,47.0506764],[8.2849865,47.0506335]]}},{"type":"Feature","id":"way/634113054","properties":{"highway":"path","mtb:scale":"1","sac_scale":"hiking","smoothness":"horrible","surface":"gravel","trail_visibility":"excellent","width":"0.3","@id":"way/634113054","osm_way_id":634113054,"elevation_lower_m":542,"elevation_higher_m":546,"elevation_difference_m":4,"elevation_source":"swisstopo Height Service / swissALTI3D","elevation_status":"ok","elevation_min_m":542,"elevation_max_m":546,"elevation_gain_m":1,"elevation_loss_m":0,"average_grade_percent":3.3,"max_uphill_percent":5.6,"max_downhill_percent":0.0,"grade_window_m":40.0,"elevation_length_m":129,"elevation_profile_ref":"way/634113054"},"geometry":{"type":"LineString","coordinates":[[8.2843573,47.0489213],[8.2847063,47.0489659],[8.285478,47.0491124],[8.2857731,47.0491627],[8.2860063,47.0492033]]}},{"type":"Feature","id":"way/45031138","properties":{"highway":"track","incline":"down","motor_vehicle":"no","mtb:scale":"0","smoothness":"bad","surface":"gravel","tracktype":"grade2","@id":"way/45031138","osm_way_id":45031138,"incline_source":"OSM","elevation_lower_m":556,"elevation_higher_m":586,"elevation_difference_m":30,"elevation_source":"swisstopo Height Service / swissALTI3D","elevation_status":"ok","elevation_min_m":556,"elevation_max_m":586,"elevation_gain_m":0,"elevation_loss_m":28,"average_grade_percent":-8.6,"max_uphill_percent":0.0,"max_downhill_percent":-13.9,"grade_window_m":40.0,"elevation_length_m":350,"elevation_profile_ref":"way/45031138"},"geometry":{"type":"LineString","coordinates":[[8.2827813,47.0463733],[8.2830343,47.0464557],[8.2833529,47.0465797],[8.2835011,47.0466573],[8.2836154,47.0467605],[8.2837184,47.0468886],[8.2838356,47.0470231],[8.2839189,47.0470946],[8.284112,47.0472066],[8.2845049,47.0474065],[8.2849649,47.0475621],[8.2854239,47.0477082],[8.2859027,47.0478564],[8.2863784,47.0480245],[8.2865445,47.0480863]]}},{"type":"Feature","id":"way/51355989","properties":{"highway":"track","incline":"up","motor_vehicle":"no","mtb:scale":"0","mtb:scale:uphill":"0","name":"Schwyzerhüsliweg","smoothness":"very_bad","surface":"gravel","tracktype":"grade2","width":"3.5","@id":"way/51355989","osm_way_id":51355989,"incline_source":"OSM","elevation_lower_m":506,"elevation_higher_m":558,"elevation_difference_m":53,"elevation_source":"swisstopo Height Service / swissALTI3D","elevation_status":"ok","elevation_min_m":506,"elevation_max_m":558,"elevation_gain_m":51,"elevation_loss_m":0,"average_grade_percent":7.9,"max_uphill_percent":10.5,"max_downhill_percent":0.0,"grade_window_m":40.0,"elevation_length_m":672,"elevation_profile_ref":"way/51355989"},"geometry":{"type":"LineString","coordinates":[[8.2950476,47.0488322],[8.2943329,47.0484729],[8.2936394,47.0482487],[8.2932818,47.0481564],[8.2925291,47.0479874],[8.291659,47.0477745],[8.2915358,47.0477519],[8.2903648,47.0475002],[8.2901619,47.0474726],[8.2895275,47.0474218],[8.2890791,47.0473791],[8.288436,47.0473005],[8.2881343,47.0472796],[8.2877719,47.0472566],[8.2875953,47.0472342],[8.2873629,47.047204],[8.2870803,47.0471636],[8.2868646,47.0471439],[8.2866531,47.0471189]]}},{"type":"Feature","id":"way/73160715","properties":{"bridge":"yes","highway":"path","mtb:scale":"0","sac_scale":"hiking","smoothness":"good","surface":"wood","trail_visibility":"excellent","width":"1","@id":"way/73160715","osm_way_id":73160715,"elevation_lower_m":523,"elevation_higher_m":524,"elevation_difference_m":1,"elevation_source":"swisstopo Height Service / swissALTI3D","elevation_status":"ok","elevation_min_m":523,"elevation_max_m":524,"elevation_gain_m":0,"elevation_loss_m":0,"average_grade_percent":9.3,"max_uphill_percent":9.3,"max_downhill_percent":0.0,"grade_window_m":40.0,"elevation_length_m":9,"elevation_profile_ref":"way/73160715"},"geometry":{"type":"LineString","coordinates":[[8.2914731,47.0474849],[8.2915053,47.0474109]]}},{"type":"Feature","id":"way/73336176","properties":{"bridge":"yes","highway":"path","mtb:scale":"0","smoothness":"bad","surface":"fine_gravel","width":"1.5","@id":"way/73336176","osm_way_id":73336176,"elevation_lower_m":552,"elevation_higher_m":552,"elevation_difference_m":0,"elevation_source":"swisstopo Height Service / swissALTI3D","elevation_status":"ok","elevation_min_m":552,"elevation_max_m":552,"elevation_gain_m":0,"elevation_loss_m":0,"average_grade_percent":-3.7,"max_uphill_percent":0.0,"max_downhill_percent":-3.7,"grade_window_m":40.0,"elevation_length_m":8,"elevation_profile_ref":"way/73336176"},"geometry":{"type":"LineString","coordinates":[[8.2868018,47.0464488],[8.2867829,47.0465214]]}},{"type":"Feature","id":"way/73541365","properties":{"highway":"track","incline":"up","motor_vehicle":"no","mtb:scale":"0","mtb:scale:uphill":"0","smoothness":"bad","surface":"gravel","tracktype":"grade2","width":"2.5","@id":"way/73541365","osm_way_id":73541365,"incline_source":"OSM","elevation_lower_m":534,"elevation_higher_m":546,"elevation_difference_m":12,"elevation_source":"swisstopo Height Service / swissALTI3D","elevation_status":"ok","elevation_min_m":534,"elevation_max_m":546,"elevation_gain_m":4,"elevation_loss_m":0,"average_grade_percent":3.7,"max_uphill_percent":6.6,"max_downhill_percent":0.0,"grade_window_m":40.0,"elevation_length_m":331,"elevation_profile_ref":"way/73541365"},"geometry":{"type":"LineString","coordinates":[[8.2901169,47.0501192],[8.2900309,47.0500416],[8.2899126,47.0499807],[8.2898209,47.0499516],[8.289636,47.049908],[8.2894159,47.049877],[8.2888978,47.0497976],[8.2881021,47.0496365],[8.2876968,47.0495549],[8.2871982,47.0494656],[8.286198,47.0492391],[8.2860063,47.0492033]]}},{"type":"Feature","id":"way/242836006","properties":{"bicycle":"designated","foot":"no","highway":"path","mtb":"yes","mtb:scale":"1","name":"Gigeliwald Trail","oneway":"yes","surface":"dirt","trail_visibility":"good","@id":"way/242836006","osm_way_id":242836006,"route":"mtb","mtb_route":true,"mtb_route_ids":["3282302"],"mtb_route_names":["Gigeliwald Trail"],"route_name":"Gigeliwald Trail","elevation_lower_m":544,"elevation_higher_m":610,"elevation_difference_m":66,"elevation_source":"swisstopo Height Service / swissALTI3D","elevation_status":"ok","elevation_min_m":544,"elevation_max_m":610,"elevation_gain_m":0,"elevation_loss_m":65,"average_grade_percent":-15.4,"max_uphill_percent":0.0,"max_downhill_percent":-25.9,"grade_window_m":40.0,"elevation_length_m":426,"elevation_profile_ref":"way/242836006"},"geometry":{"type":"LineString","coordinates":[[8.2894957,47.0425373],[8.2895375,47.0426185],[8.2895524,47.0426541],[8.2895492,47.0426866],[8.28952,47.0427636],[8.2894693,47.0428575],[8.2894386,47.042923],[8.2894088,47.0429554],[8.2893999,47.0429811],[8.2894085,47.0430092],[8.2894554,47.043074],[8.2894914,47.0431039],[8.2895306,47.0431312],[8.2895954,47.0431949],[8.2896392,47.0432473],[8.2896812,47.04329],[8.2897272,47.0433434],[8.2897492,47.0433551],[8.2897698,47.0433594],[8.2898338,47.0433616],[8.289961,47.0433495],[8.2902654,47.043355],[8.2904268,47.0433948],[8.2904813,47.043395],[8.2905305,47.0433916],[8.2905806,47.0433849],[8.2906327,47.0433946],[8.2906667,47.0434216],[8.2906948,47.0434517],[8.2907242,47.0434888],[8.290759,47.0435002],[8.2907899,47.0434991],[8.290843,47.043487],[8.2910682,47.0434541],[8.2911139,47.043456],[8.2911291,47.0434651],[8.2911392,47.0434787],[8.291143,47.0434939],[8.2911432,47.0435109],[8.2911359,47.04353],[8.2911249,47.0435464],[8.291114,47.0435599],[8.2910949,47.0435713],[8.2910741,47.0435732],[8.291056,47.0435762],[8.2910451,47.0435813],[8.2910352,47.0435942],[8.2910307,47.0436336],[8.2910879,47.0436831],[8.2910975,47.0436955],[8.2911035,47.0437175],[8.2911407,47.0438639],[8.2911401,47.0438749],[8.2911324,47.0438846],[8.2910959,47.0439154],[8.2910708,47.0439315],[8.2910565,47.0439495],[8.2910553,47.0439706],[8.2910743,47.0439862],[8.2911121,47.0439973],[8.2911592,47.0439955],[8.2912785,47.04399],[8.2914455,47.0439918],[8.2914872,47.0440019],[8.2915137,47.0440175],[8.2915274,47.0440402],[8.2915341,47.0440754],[8.2915183,47.0441154],[8.2914539,47.0441886],[8.2914209,47.0442288],[8.2914067,47.0442512],[8.2914036,47.0442701],[8.2914052,47.044284],[8.291414,47.0442956],[8.2914339,47.0443062],[8.2914614,47.0443076],[8.291538,47.0442948],[8.2916756,47.0442837],[8.2917358,47.0442834],[8.2917553,47.0442895],[8.2917844,47.0443112],[8.2918042,47.04432],[8.2918688,47.0443197],[8.2919466,47.0443031],[8.2921013,47.044257],[8.2921249,47.0442516],[8.2921507,47.0442516],[8.2921818,47.0442569],[8.2922205,47.0442713],[8.2923505,47.0443125]]}},{"type":"Feature","id":"way/391792406","properties":{"highway":"path","incline":"up","mtb:scale":"3","sac_scale":"hiking","smoothness":"very_horrible","surface":"ground","trail_visibility":"good","width":"0.3","@id":"way/391792406","osm_way_id":391792406,"incline_source":"OSM","elevation_lower_m":543,"elevation_higher_m":556,"elevation_difference_m":12,"elevation_source":"swisstopo Height Service / swissALTI3D","elevation_status":"ok","elevation_min_m":543,"elevation_max_m":556,"elevation_gain_m":12,"elevation_loss_m":0,"average_grade_percent":17.3,"max_uphill_percent":26.2,"max_downhill_percent":0.0,"grade_window_m":40.0,"elevation_length_m":72,"elevation_profile_ref":"way/391792406"},"geometry":{"type":"LineString","coordinates":[[8.2834959,47.0486127],[8.2835376,47.0485355],[8.2832846,47.0483145],[8.2830557,47.0480752]]}},{"type":"Feature","id":"way/393243515","properties":{"highway":"path","incline":"down","mtb:scale":"2","mtb:scale:uphill":"2","sac_scale":"hiking","smoothness":"horrible","surface":"gravel","trail_visibility":"excellent","width":"0.5","@id":"way/393243515","osm_way_id":393243515,"incline_source":"OSM","elevation_lower_m":513,"elevation_higher_m":524,"elevation_difference_m":10,"elevation_source":"swisstopo Height Service / swissALTI3D","elevation_status":"ok","elevation_min_m":513,"elevation_max_m":524,"elevation_gain_m":0,"elevation_loss_m":10,"average_grade_percent":-16.3,"max_uphill_percent":0.0,"max_downhill_percent":-19.3,"grade_window_m":40.0,"elevation_length_m":65,"elevation_profile_ref":"way/393243515"},"geometry":{"type":"LineString","coordinates":[[8.2950389,47.0510334],[8.2950677,47.0509351],[8.2950981,47.0508977],[8.295091,47.0508234],[8.2950425,47.0507219],[8.2949579,47.0505724],[8.2949083,47.0504826]]}},{"type":"Feature","id":"way/519908628","properties":{"highway":"track","incline":"down","motor_vehicle":"no","mtb:scale":"0","surface":"compacted","tracktype":"grade2","width":"2.5","@id":"way/519908628","osm_way_id":519908628,"incline_source":"OSM","elevation_lower_m":536,"elevation_higher_m":552,"elevation_difference_m":16,"elevation_source":"swisstopo Height Service / swissALTI3D","elevation_status":"ok","elevation_min_m":536,"elevation_max_m":552,"elevation_gain_m":0,"elevation_loss_m":13,"average_grade_percent":-6.4,"max_uphill_percent":0.0,"max_downhill_percent":-10.3,"grade_window_m":40.0,"elevation_length_m":241,"elevation_profile_ref":"way/519908628"},"geometry":{"type":"LineString","coordinates":[[8.288498,47.0485774],[8.28935,47.0487834],[8.2895291,47.0488319],[8.2898756,47.048914],[8.2902689,47.0490099],[8.2905973,47.0490855],[8.2908155,47.0491217],[8.2915315,47.0492142]]}},{"type":"Feature","id":"way/627098237","properties":{"highway":"path","mtb:scale":"0","sac_scale":"hiking","surface":"ground","trail_visibility":"excellent","width":"0.3","@id":"way/627098237","osm_way_id":627098237,"elevation_lower_m":537,"elevation_higher_m":538,"elevation_difference_m":1,"elevation_source":"swisstopo Height Service / swissALTI3D","elevation_status":"ok","elevation_min_m":537,"elevation_max_m":538,"elevation_gain_m":0,"elevation_loss_m":0,"average_grade_percent":2.8,"max_uphill_percent":3.1,"max_downhill_percent":0.0,"grade_window_m":40.0,"elevation_length_m":36,"elevation_profile_ref":"way/627098237"},"geometry":{"type":"LineString","coordinates":[[8.2912358,47.0493314],[8.2914895,47.049444],[8.2915536,47.049462],[8.291655,47.04948]]}},{"type":"Feature","id":"way/630879880","properties":{"highway":"path","incline":"down","mtb:scale":"1","sac_scale":"hiking","smoothness":"very_bad","surface":"ground","trail_visibility":"intermediate","width":"0.3","@id":"way/630879880","osm_way_id":630879880,"incline_source":"OSM","elevation_lower_m":531,"elevation_higher_m":538,"elevation_difference_m":7,"elevation_source":"swisstopo Height Service / swissALTI3D","elevation_status":"ok","elevation_min_m":531,"elevation_max_m":538,"elevation_gain_m":0,"elevation_loss_m":7,"average_grade_percent":-11.0,"max_uphill_percent":0.0,"max_downhill_percent":-16.5,"grade_window_m":40.0,"elevation_length_m":63,"elevation_profile_ref":"way/630879880"},"geometry":{"type":"LineString","coordinates":[[8.2919187,47.0509892],[8.2918867,47.0511273],[8.2919217,47.0512598],[8.2918306,47.0513684],[8.2918674,47.0515319]]}},{"type":"Feature","id":"way/631879799","properties":{"highway":"path","incline":"down","mtb:scale":"1","mtb:scale:uphill":"1","sac_scale":"hiking","surface":"earth","trail_visibility":"excellent","width":"1.5","@id":"way/631879799","osm_way_id":631879799,"incline_source":"OSM","elevation_lower_m":539,"elevation_higher_m":555,"elevation_difference_m":16,"elevation_source":"swisstopo Height Service / swissALTI3D","elevation_status":"ok","elevation_min_m":539,"elevation_max_m":555,"elevation_gain_m":0,"elevation_loss_m":16,"average_grade_percent":-10.7,"max_uphill_percent":0.0,"max_downhill_percent":-14.4,"grade_window_m":40.0,"elevation_length_m":154,"elevation_profile_ref":"way/631879799"},"geometry":{"type":"LineString","coordinates":[[8.2870803,47.0471636],[8.2871643,47.0471445],[8.2873146,47.0471376],[8.2875719,47.0471366],[8.2886025,47.0470819],[8.2890877,47.0470044]]}},{"type":"Feature","id":"way/633594185","properties":{"highway":"path","mtb:scale":"0","sac_scale":"hiking","smoothness":"horrible","surface":"gravel","trail_visibility":"excellent","width":"1","@id":"way/633594185","osm_way_id":633594185,"elevation_lower_m":525,"elevation_higher_m":525,"elevation_difference_m":3,"elevation_source":"swisstopo Height Service / swissALTI3D","elevation_status":"ok","elevation_min_m":525,"elevation_max_m":528,"elevation_gain_m":2,"elevation_loss_m":3,"average_grade_percent":0.0,"max_uphill_percent":6.4,"max_downhill_percent":-9.2,"grade_window_m":40.0,"elevation_length_m":125,"elevation_profile_ref":"way/633594185"},"geometry":{"type":"LineString","coordinates":[[8.2816587,47.050604],[8.2820539,47.0505994],[8.282443,47.050598],[8.2825945,47.0505872],[8.2827388,47.0505598],[8.2828306,47.0505326],[8.2829023,47.0504996],[8.2831016,47.0503973],[8.2831459,47.0503823],[8.2831812,47.050376],[8.2832165,47.050373]]}},{"type":"Feature","id":"way/800112131","properties":{"highway":"track","incline":"down","mtb:scale":"1","mtb:scale:uphill":"4","smoothness":"very_bad","surface":"gravel","tracktype":"grade2","width":"2","@id":"way/800112131","osm_way_id":800112131,"incline_source":"OSM","elevation_lower_m":490,"elevation_higher_m":528,"elevation_difference_m":39,"elevation_source":"swisstopo Height Service / swissALTI3D","elevation_status":"ok","elevation_min_m":490,"elevation_max_m":528,"elevation_gain_m":0,"elevation_loss_m":38,"average_grade_percent":-13.3,"max_uphill_percent":0.0,"max_downhill_percent":-24.4,"grade_window_m":40.0,"elevation_length_m":290,"elevation_profile_ref":"way/800112131"},"geometry":{"type":"LineString","coordinates":[[8.2849865,47.0506335],[8.2849926,47.0508479],[8.2849747,47.0509256],[8.2849396,47.0509798],[8.2849003,47.0510234],[8.28484,47.0510637],[8.2845217,47.0512428],[8.284374,47.0512971],[8.2841995,47.0513447],[8.2840044,47.0513922],[8.2837745,47.0514364],[8.2836713,47.0514526],[8.2835756,47.0514595],[8.283476,47.0514575],[8.2833411,47.0514532],[8.2832148,47.0514444],[8.283071,47.051425],[8.2827837,47.0513635],[8.2827071,47.0513505],[8.2826176,47.0513423],[8.282191,47.0513443],[8.2821326,47.0513498],[8.2820894,47.05136],[8.2820582,47.0513723],[8.2819082,47.0514552]]}},{"type":"Feature","id":"way/36733828","properties":{"highway":"track","mtb:scale":"1","mtb:scale:uphill":"0","surface":"dirt","tracktype":"grade4","@id":"way/36733828","osm_way_id":36733828,"elevation_lower_m":607,"elevation_higher_m":642,"elevation_difference_m":35,"elevation_source":"swisstopo Height Service / swissALTI3D","elevation_status":"ok","elevation_min_m":607,"elevation_max_m":642,"elevation_gain_m":35,"elevation_loss_m":0,"average_grade_percent":11.7,"max_uphill_percent":14.5,"max_downhill_percent":0.0,"grade_window_m":40.0,"elevation_length_m":296,"elevation_profile_ref":"way/36733828"},"geometry":{"type":"LineString","coordinates":[[8.2809782,47.0460306],[8.2808018,47.0460054],[8.2805738,47.0459747],[8.2802951,47.0459691],[8.2796379,47.0459828],[8.2793624,47.0459796],[8.2792635,47.0459659],[8.2784274,47.0457968],[8.2774907,47.0456267],[8.2771606,47.045575]]}},{"type":"Feature","id":"way/73160745","properties":{"highway":"path","incline":"down","mtb:scale":"1","sac_scale":"hiking","smoothness":"horrible","surface":"gravel","trail_visibility":"excellent","width":"1","@id":"way/73160745","osm_way_id":73160745,"incline_source":"OSM","elevation_lower_m":552,"elevation_higher_m":572,"elevation_difference_m":20,"elevation_source":"swisstopo Height Service / swissALTI3D","elevation_status":"ok","elevation_min_m":552,"elevation_max_m":572,"elevation_gain_m":0,"elevation_loss_m":20,"average_grade_percent":-13.3,"max_uphill_percent":0.0,"max_downhill_percent":-17.0,"grade_window_m":40.0,"elevation_length_m":148,"elevation_profile_ref":"way/73160745"},"geometry":{"type":"LineString","coordinates":[[8.2856938,47.0458183],[8.2855455,47.0458852],[8.2854552,47.0459773],[8.2854593,47.0460465],[8.2855859,47.0461381],[8.2856917,47.046183],[8.2862288,47.0462899],[8.2865008,47.0463206],[8.2867219,47.0463881],[8.2868018,47.0464488]]}},{"type":"Feature","id":"way/73336177","properties":{"highway":"path","incline":"up","mtb:scale":"0","sac_scale":"hiking","smoothness":"bad","surface":"gravel","trail_visibility":"excellent","width":"1","@id":"way/73336177","osm_way_id":73336177,"incline_source":"OSM","elevation_lower_m":552,"elevation_higher_m":555,"elevation_difference_m":4,"elevation_source":"swisstopo Height Service / swissALTI3D","elevation_status":"ok","elevation_min_m":552,"elevation_max_m":555,"elevation_gain_m":2,"elevation_loss_m":0,"average_grade_percent":4.7,"max_uphill_percent":6.2,"max_downhill_percent":0.0,"grade_window_m":40.0,"elevation_length_m":75,"elevation_profile_ref":"way/73336177"},"geometry":{"type":"LineString","coordinates":[[8.2867829,47.0465214],[8.286926,47.0468066],[8.2870356,47.0470555],[8.2870803,47.0471636]]}},{"type":"Feature","id":"way/73541366","properties":{"highway":"path","incline":"down","mtb:scale":"1","sac_scale":"hiking","smoothness":"horrible","surface":"ground","trail_visibility":"excellent","width":"1","@id":"way/73541366","osm_way_id":73541366,"incline_source":"OSM","elevation_lower_m":498,"elevation_higher_m":508,"elevation_difference_m":10,"elevation_source":"swisstopo Height Service / swissALTI3D","elevation_status":"ok","elevation_min_m":498,"elevation_max_m":508,"elevation_gain_m":0,"elevation_loss_m":10,"average_grade_percent":-17.4,"max_uphill_percent":0.0,"max_downhill_percent":-17.8,"grade_window_m":40.0,"elevation_length_m":58,"elevation_profile_ref":"way/73541366"},"geometry":{"type":"LineString","coordinates":[[8.2802218,47.0506537],[8.2803797,47.0507197],[8.2807421,47.0508509],[8.280799,47.0508988],[8.2808211,47.05095]]}},{"type":"Feature","id":"way/391792412","properties":{"highway":"path","mtb:scale":"1","sac_scale":"hiking","smoothness":"bad","surface":"ground","trail_visibility":"excellent","width":"0.3","@id":"way/391792412","osm_way_id":391792412,"elevation_lower_m":536,"elevation_higher_m":552,"elevation_difference_m":17,"elevation_source":"swisstopo Height Service / swissALTI3D","elevation_status":"ok","elevation_min_m":536,"elevation_max_m":553,"elevation_gain_m":1,"elevation_loss_m":16,"average_grade_percent":-4.9,"max_uphill_percent":3.4,"max_downhill_percent":-9.3,"grade_window_m":40.0,"elevation_length_m":322,"elevation_profile_ref":"way/391792412"},"geometry":{"type":"LineString","coordinates":[[8.2863827,47.0485293],[8.2866863,47.0488514],[8.2869367,47.0490587],[8.2870303,47.0490886],[8.2875125,47.0492073],[8.2877244,47.0492529],[8.2883749,47.0494099],[8.2886879,47.0494685],[8.2894402,47.0495731],[8.2895763,47.0495999],[8.2896422,47.0496218],[8.2897164,47.0497014],[8.2897112,47.0497509],[8.2896935,47.0498031],[8.289636,47.049908]]}},{"type":"Feature","id":"way/393243516","properties":{"highway":"path","mtb:scale":"0","mtb:scale:uphill":"0","sac_scale":"hiking","smoothness":"very_bad","surface":"gravel","trail_visibility":"excellent","width":"1","@id":"way/393243516","osm_way_id":393243516,"elevation_lower_m":498,"elevation_higher_m":501,"elevation_difference_m":3,"elevation_source":"swisstopo Height Service / swissALTI3D","elevation_status":"ok","elevation_min_m":498,"elevation_max_m":501,"elevation_gain_m":0,"elevation_loss_m":0,"average_grade_percent":-2.9,"max_uphill_percent":0.0,"max_downhill_percent":-4.9,"grade_window_m":40.0,"elevation_length_m":106,"elevation_profile_ref":"way/393243516"},"geometry":{"type":"LineString","coordinates":[[8.296635,47.0494411],[8.2965674,47.0494038],[8.2963056,47.0493181],[8.2960675,47.0492164],[8.295843,47.049116],[8.2957068,47.0489929],[8.2957217,47.0489262],[8.2958262,47.0488582]]}},{"type":"Feature","id":"way/397715274","properties":{"bicycle":"designated","foot":"no","highway":"path","mtb":"yes","mtb:scale":"1","name":"Gigeliwald Trail","oneway":"yes","source":"bing","surface":"dirt","trail_visibility":"good","@id":"way/397715274","osm_way_id":397715274,"route":"mtb","mtb_route":true,"mtb_route_ids":["3282302"],"mtb_route_names":["Gigeliwald Trail"],"route_name":"Gigeliwald Trail","elevation_lower_m":495,"elevation_higher_m":544,"elevation_difference_m":49,"elevation_source":"swisstopo Height Service / swissALTI3D","elevation_status":"ok","elevation_min_m":495,"elevation_max_m":544,"elevation_gain_m":0,"elevation_loss_m":49,"average_grade_percent":-16.9,"max_uphill_percent":0.0,"max_downhill_percent":-20.4,"grade_window_m":40.0,"elevation_length_m":290,"elevation_profile_ref":"way/397715274"},"geometry":{"type":"LineString","coordinates":[[8.2926797,47.0440656],[8.2929483,47.044125],[8.2932189,47.0441888],[8.293375,47.0442287],[8.2934374,47.0442356],[8.2935014,47.0442382],[8.2940843,47.0443963],[8.2941075,47.0443996],[8.2941343,47.0443956],[8.2941599,47.0443825],[8.2941926,47.0443424],[8.2942245,47.0443168],[8.2942535,47.0443119],[8.2942807,47.0443155],[8.2945241,47.0443867],[8.2945927,47.0444095],[8.2946355,47.044425],[8.2946737,47.0444301],[8.2947127,47.044433],[8.2947432,47.044429],[8.294768,47.0444116],[8.2947966,47.0443493],[8.2948129,47.0443312],[8.2948524,47.0443137],[8.2948837,47.0443071],[8.2949158,47.04431],[8.2949466,47.0443179],[8.2950025,47.0443409],[8.2950476,47.044354],[8.2950946,47.0443635],[8.2952168,47.0443899],[8.2953783,47.0444479],[8.2955444,47.0445104],[8.2956017,47.0445278],[8.2956486,47.0445527],[8.2956786,47.0445801],[8.2956991,47.0446106],[8.2957051,47.0446311],[8.295703,47.0446528],[8.2957093,47.044672],[8.295725,47.0446825],[8.2957481,47.0446884],[8.2957778,47.0446881],[8.2958038,47.044691],[8.2958279,47.044698],[8.2959587,47.0447691]]}},{"type":"Feature","id":"way/519908629","properties":{"highway":"path","incline":"up","mtb:scale":"0","sac_scale":"hiking","smoothness":"bad","surface":"fine_gravel","trail_visibility":"excellent","width":"1.5","@id":"way/519908629","osm_way_id":519908629,"incline_source":"OSM","elevation_lower_m":513,"elevation_higher_m":534,"elevation_difference_m":21,"elevation_source":"swisstopo Height Service / swissALTI3D","elevation_status":"ok","elevation_min_m":513,"elevation_max_m":534,"elevation_gain_m":19,"elevation_loss_m":0,"average_grade_percent":6.1,"max_uphill_percent":7.9,"max_downhill_percent":0.0,"grade_window_m":40.0,"elevation_length_m":346,"elevation_profile_ref":"way/519908629"},"geometry":{"type":"LineString","coordinates":[[8.2949083,47.0504826],[8.294799,47.0504648],[8.2942404,47.0503673],[8.2937123,47.0502484],[8.2930926,47.0501143],[8.2924561,47.0499896],[8.2919254,47.0498996],[8.2915437,47.0498426],[8.2909832,47.0497715],[8.2907829,47.0497308],[8.2905171,47.0496408]]}},{"type":"Feature","id":"way/626121010","properties":{"highway":"path","incline":"down","mtb:scale":"1","sac_scale":"hiking","smoothness":"horrible","surface":"ground","trail_visibility":"excellent","width":"1.5","@id":"way/626121010","osm_way_id":626121010,"incline_source":"OSM","elevation_lower_m":512,"elevation_higher_m":521,"elevation_difference_m":9,"elevation_source":"swisstopo Height Service / swissALTI3D","elevation_status":"ok","elevation_min_m":512,"elevation_max_m":521,"elevation_gain_m":0,"elevation_loss_m":9,"average_grade_percent":-20.3,"max_uphill_percent":0.0,"max_downhill_percent":-21.5,"grade_window_m":40.0,"elevation_length_m":43,"elevation_profile_ref":"way/626121010"},"geometry":{"type":"LineString","coordinates":[[8.2956747,47.0503157],[8.2957386,47.0502416],[8.2959088,47.0501174],[8.2959366,47.0500774],[8.2959869,47.0499987]]}},{"type":"Feature","id":"way/630879881","properties":{"highway":"path","mtb:scale":"4","sac_scale":"hiking","smoothness":"horrible","surface":"ground","trail_visibility":"bad","width":"0.3","@id":"way/630879881","osm_way_id":630879881,"elevation_lower_m":525,"elevation_higher_m":529,"elevation_difference_m":12,"elevation_source":"swisstopo Height Service / swissALTI3D","elevation_status":"ok","elevation_min_m":517,"elevation_max_m":529,"elevation_gain_m":8,"elevation_loss_m":8,"average_grade_percent":0.8,"max_uphill_percent":8.2,"max_downhill_percent":-13.9,"grade_window_m":40.0,"elevation_length_m":426,"elevation_profile_ref":"way/630879881"},"geometry":{"type":"LineString","coordinates":[[8.2904727,47.0520704],[8.2902627,47.0520694],[8.2899474,47.052025],[8.2896857,47.0520296],[8.2892936,47.0519723],[8.288962,47.0520169],[8.2888196,47.052141],[8.2885633,47.0522413],[8.2884369,47.0522538],[8.288325,47.0522428],[8.2881541,47.0522602],[8.2879768,47.0522471],[8.2870426,47.0520646],[8.2867172,47.0519603],[8.2865912,47.0518975],[8.2864703,47.0517602],[8.2863445,47.0515151],[8.2863049,47.0512558],[8.286372,47.0509274]]}},{"type":"Feature","id":"way/631879800","properties":{"highway":"path","incline":"up","mtb:scale":"3","mtb:scale:uphill":"3","sac_scale":"hiking","smoothness":"very_horrible","surface":"earth","trail_visibility":"good","width":"0.3","@id":"way/631879800","osm_way_id":631879800,"incline_source":"OSM","elevation_lower_m":539,"elevation_higher_m":554,"elevation_difference_m":15,"elevation_source":"swisstopo Height Service / swissALTI3D","elevation_status":"ok","elevation_min_m":539,"elevation_max_m":554,"elevation_gain_m":14,"elevation_loss_m":0,"average_grade_percent":8.7,"max_uphill_percent":16.4,"max_downhill_percent":0.0,"grade_window_m":40.0,"elevation_length_m":172,"elevation_profile_ref":"way/631879800"},"geometry":{"type":"LineString","coordinates":[[8.2890877,47.0470044],[8.2886608,47.0469339],[8.2880814,47.0468224],[8.2878051,47.0469248],[8.2875396,47.0469503],[8.286926,47.0468066]]}},{"type":"Feature","id":"way/633236987","properties":{"highway":"path","incline":"up","mtb:scale":"2","sac_scale":"hiking","smoothness":"very_horrible","surface":"ground","trail_visibility":"bad","width":"0.3","@id":"way/633236987","osm_way_id":633236987,"incline_source":"OSM","elevation_lower_m":516,"elevation_higher_m":525,"elevation_difference_m":10,"elevation_source":"swisstopo Height Service / swissALTI3D","elevation_status":"ok","elevation_min_m":516,"elevation_max_m":525,"elevation_gain_m":7,"elevation_loss_m":0,"average_grade_percent":5.1,"max_uphill_percent":12.0,"max_downhill_percent":0.0,"grade_window_m":40.0,"elevation_length_m":190,"elevation_profile_ref":"way/633236987"},"geometry":{"type":"LineString","coordinates":[[8.2884369,47.0522538],[8.2886203,47.0523828],[8.2887365,47.0524389],[8.2888814,47.0524729],[8.2890335,47.0524819],[8.2892512,47.0524745],[8.2894639,47.0524401],[8.2897787,47.0523563],[8.2900377,47.0523282],[8.2902798,47.0523236],[8.2904218,47.0523029],[8.2904772,47.0522722],[8.2904988,47.052218],[8.2904727,47.0520704]]}},{"type":"Feature","id":"way/633594186","properties":{"highway":"path","mtb:scale":"0","sac_scale":"hiking","smoothness":"bad","surface":"ground","trail_visibility":"excellent","width":"0.3","@id":"way/633594186","osm_way_id":633594186,"elevation_lower_m":528,"elevation_higher_m":528,"elevation_difference_m":0,"elevation_source":"swisstopo Height Service / swissALTI3D","elevation_status":"ok","elevation_min_m":528,"elevation_max_m":529,"elevation_gain_m":0,"elevation_loss_m":0,"average_grade_percent":0.2,"max_uphill_percent":1.0,"max_downhill_percent":-0.5,"grade_window_m":40.0,"elevation_length_m":97,"elevation_profile_ref":"way/633594186"},"geometry":{"type":"LineString","coordinates":[[8.2802714,47.0503537],[8.2798935,47.0502571],[8.2791968,47.0500779],[8.2791339,47.0499968]]}},{"type":"Feature","id":"way/1307197586","properties":{"highway":"track","mtb:scale":"2","sac_scale":"mountain_hiking","tracktype":"grade2","@id":"way/1307197586","osm_way_id":1307197586,"elevation_lower_m":549,"elevation_higher_m":549,"elevation_difference_m":0,"elevation_source":"swisstopo Height Service / swissALTI3D","elevation_status":"ok","elevation_min_m":549,"elevation_max_m":549,"elevation_gain_m":0,"elevation_loss_m":0,"average_grade_percent":0.9,"max_uphill_percent":5.4,"max_downhill_percent":0.0,"grade_window_m":40.0,"elevation_length_m":22,"elevation_profile_ref":"way/1307197586"},"geometry":{"type":"LineString","coordinates":[[8.2749548,47.0481093],[8.274969,47.0480533],[8.2749796,47.0480253],[8.2749919,47.0480028],[8.275015,47.0479765],[8.2750386,47.0479555],[8.2750679,47.0479337]]}},{"type":"Feature","id":"way/28849185","properties":{"highway":"path","mtb:scale":"2","sac_scale":"mountain_hiking","tracktype":"grade2","@id":"way/28849185","osm_way_id":28849185,"elevation_lower_m":568,"elevation_higher_m":604,"elevation_difference_m":36,"elevation_source":"swisstopo Height Service / swissALTI3D","elevation_status":"ok","elevation_min_m":568,"elevation_max_m":605,"elevation_gain_m":35,"elevation_loss_m":1,"average_grade_percent":10.8,"max_uphill_percent":30.0,"max_downhill_percent":-5.2,"grade_window_m":40.0,"elevation_length_m":325,"elevation_profile_ref":"way/28849185"},"geometry":{"type":"LineString","coordinates":[[8.2771892,47.0469836],[8.2776088,47.0468438],[8.2784545,47.0467689],[8.2785252,47.0467511],[8.2786169,47.0467125],[8.2787372,47.0466778],[8.2790725,47.0466223],[8.2794078,47.0465764],[8.2795861,47.0465382],[8.2798093,47.0464862],[8.2799499,47.0464521],[8.2801752,47.0464084],[8.2803253,47.0463764],[8.2804921,47.0463382],[8.2807754,47.0462806],[8.2808987,47.0462563],[8.2810292,47.0462223],[8.2811525,47.0461848],[8.2812694,47.0461479]]}},{"type":"Feature","id":"way/36733829","properties":{"highway":"track","mtb:scale":"0","name":"Schwyzerhüsliweg","tracktype":"grade2","@id":"way/36733829","osm_way_id":36733829,"elevation_lower_m":593,"elevation_higher_m":604,"elevation_difference_m":10,"elevation_source":"swisstopo Height Service / swissALTI3D","elevation_status":"ok","elevation_min_m":593,"elevation_max_m":604,"elevation_gain_m":0,"elevation_loss_m":10,"average_grade_percent":-16.3,"max_uphill_percent":0.0,"max_downhill_percent":-18.4,"grade_window_m":40.0,"elevation_length_m":64,"elevation_profile_ref":"way/36733829"},"geometry":{"type":"LineString","coordinates":[[8.2812694,47.0461479],[8.2814991,47.0461849],[8.2821025,47.0462141]]}},{"type":"Feature","id":"way/73336189","properties":{"highway":"path","mtb:scale":"0","sac_scale":"hiking","smoothness":"horrible","surface":"ground","trail_visibility":"good","width":"1","@id":"way/73336189","osm_way_id":73336189,"elevation_lower_m":557,"elevation_higher_m":559,"elevation_difference_m":2,"elevation_source":"swisstopo Height Service / swissALTI3D","elevation_status":"ok","elevation_min_m":557,"elevation_max_m":559,"elevation_gain_m":2,"elevation_loss_m":0,"average_grade_percent":6.6,"max_uphill_percent":6.6,"max_downhill_percent":0.0,"grade_window_m":40.0,"elevation_length_m":23,"elevation_profile_ref":"way/73336189"},"geometry":{"type":"LineString","coordinates":[[8.2870294,47.0464837],[8.2873273,47.0464956]]}},{"type":"Feature","id":"way/73541367","properties":{"highway":"path","incline":"down","mtb:scale":"3","sac_scale":"hiking","smoothness":"very_horrible","surface":"ground","trail_visibility":"excellent","width":"1","@id":"way/73541367","osm_way_id":73541367,"incline_source":"OSM","elevation_lower_m":521,"elevation_higher_m":528,"elevation_difference_m":8,"elevation_source":"swisstopo Height Service / swissALTI3D","elevation_status":"ok","elevation_min_m":521,"elevation_max_m":528,"elevation_gain_m":0,"elevation_loss_m":7,"average_grade_percent":-11.8,"max_uphill_percent":0.0,"max_downhill_percent":-17.5,"grade_window_m":40.0,"elevation_length_m":65,"elevation_profile_ref":"way/73541367"},"geometry":{"type":"LineString","coordinates":[[8.2791166,47.0500471],[8.2792972,47.0501924],[8.279496,47.0503257],[8.2796842,47.0503983],[8.2797529,47.0504227]]}},{"type":"Feature","id":"way/74947255","properties":{"highway":"path","incline":"down","mtb:scale":"1","sac_scale":"hiking","smoothness":"very_horrible","surface":"ground","trail_visibility":"excellent","width":"1","@id":"way/74947255","osm_way_id":74947255,"incline_source":"OSM","elevation_lower_m":575,"elevation_higher_m":578,"elevation_difference_m":3,"elevation_source":"swisstopo Height Service / swissALTI3D","elevation_status":"ok","elevation_min_m":575,"elevation_max_m":578,"elevation_gain_m":0,"elevation_loss_m":3,"average_grade_percent":-9.1,"max_uphill_percent":0.0,"max_downhill_percent":-9.8,"grade_window_m":40.0,"elevation_length_m":35,"elevation_profile_ref":"way/74947255"},"geometry":{"type":"LineString","coordinates":[[8.283492,47.04625],[8.2836006,47.0461618],[8.2836974,47.0460963],[8.2838447,47.0460527]]}},{"type":"Feature","id":"way/113983306","properties":{"highway":"track","incline":"up","motor_vehicle":"no","mtb:scale":"0","mtb:scale:uphill":"0","smoothness":"bad","surface":"fine_gravel","tracktype":"grade2","width":"3","@id":"way/113983306","osm_way_id":113983306,"incline_source":"OSM","elevation_lower_m":521,"elevation_higher_m":534,"elevation_difference_m":13,"elevation_source":"swisstopo Height Service / swissALTI3D","elevation_status":"ok","elevation_min_m":521,"elevation_max_m":534,"elevation_gain_m":8,"elevation_loss_m":0,"average_grade_percent":3.4,"max_uphill_percent":7.1,"max_downhill_percent":0.0,"grade_window_m":40.0,"elevation_length_m":371,"elevation_profile_ref":"way/113983306"},"geometry":{"type":"LineString","coordinates":[[8.2947449,47.0511762],[8.2943012,47.0511113],[8.2938163,47.0509881],[8.2932835,47.0508617],[8.2929276,47.0507876],[8.2917167,47.05052],[8.2913811,47.0504534],[8.2905788,47.0502816],[8.2901775,47.0501705],[8.2901169,47.0501192]]}},{"type":"Feature","id":"way/391792415","properties":{"highway":"path","mtb:scale":"0","sac_scale":"hiking","surface":"ground","trail_visibility":"excellent","width":"0.3","@id":"way/391792415","osm_way_id":391792415,"elevation_lower_m":521,"elevation_higher_m":536,"elevation_difference_m":17,"elevation_source":"swisstopo Height Service / swissALTI3D","elevation_status":"ok","elevation_min_m":521,"elevation_max_m":538,"elevation_gain_m":0,"elevation_loss_m":15,"average_grade_percent":-4.4,"max_uphill_percent":3.2,"max_downhill_percent":-19.6,"grade_window_m":40.0,"elevation_length_m":352,"elevation_profile_ref":"way/391792415"},"geometry":{"type":"LineString","coordinates":[[8.2915315,47.0492142],[8.2915982,47.0493078],[8.291615,47.0493589],[8.2916152,47.0494156],[8.291655,47.04948],[8.292465,47.049648],[8.2929,47.049812],[8.293695,47.049957],[8.294176,47.049995],[8.2946341,47.0500884],[8.294853,47.050133],[8.295032,47.050154],[8.295395,47.050268],[8.2956747,47.0503157]]}},{"type":"Feature","id":"way/519908630","properties":{"highway":"track","incline":"up","motor_vehicle":"no","mtb:scale":"0","smoothness":"bad","surface":"fine_gravel","tracktype":"grade2","width":"2.5","@id":"way/519908630","osm_way_id":519908630,"incline_source":"OSM","elevation_lower_m":534,"elevation_higher_m":552,"elevation_difference_m":18,"elevation_source":"swisstopo Height Service / swissALTI3D","elevation_status":"ok","elevation_min_m":534,"elevation_max_m":552,"elevation_gain_m":11,"elevation_loss_m":0,"average_grade_percent":5.2,"max_uphill_percent":6.6,"max_downhill_percent":0.0,"grade_window_m":40.0,"elevation_length_m":339,"elevation_profile_ref":"way/519908630"},"geometry":{"type":"LineString","coordinates":[[8.2905693,47.0495775],[8.2904578,47.0495206],[8.2903628,47.0494807],[8.2900768,47.0494064],[8.289422,47.0492623],[8.2880496,47.0489297],[8.2863827,47.0485293]]}},{"type":"Feature","id":"way/626121012","properties":{"highway":"path","incline":"down","mtb:scale":"1","mtb:scale:uphill":"3","sac_scale":"hiking","smoothness":"horrible","surface":"earth","trail_visibility":"excellent","width":"0.3","@id":"way/626121012","osm_way_id":626121012,"incline_source":"OSM","elevation_lower_m":493,"elevation_higher_m":501,"elevation_difference_m":9,"elevation_source":"swisstopo Height Service / swissALTI3D","elevation_status":"ok","elevation_min_m":493,"elevation_max_m":501,"elevation_gain_m":0,"elevation_loss_m":9,"average_grade_percent":-21.3,"max_uphill_percent":0.0,"max_downhill_percent":-21.7,"grade_window_m":40.0,"elevation_length_m":41,"elevation_profile_ref":"way/626121012"},"geometry":{"type":"LineString","coordinates":[[8.296635,47.0494411],[8.2966476,47.0493643],[8.2966362,47.0492052],[8.2965619,47.0490847]]}},{"type":"Feature","id":"way/629167955","properties":{"highway":"track","mtb:scale":"0","smoothness":"intermediate","surface":"fine_gravel","tracktype":"grade3","width":"2.5","@id":"way/629167955","osm_way_id":629167955,"elevation_lower_m":524,"elevation_higher_m":525,"elevation_difference_m":0,"elevation_source":"swisstopo Height Service / swissALTI3D","elevation_status":"ok","elevation_min_m":524,"elevation_max_m":525,"elevation_gain_m":0,"elevation_loss_m":0,"average_grade_percent":0.5,"max_uphill_percent":8.6,"max_downhill_percent":0.0,"grade_window_m":40.0,"elevation_length_m":61,"elevation_profile_ref":"way/629167955"},"geometry":{"type":"LineString","coordinates":[[8.2934464,47.0493425],[8.29423,47.0494748]]}},{"type":"Feature","id":"way/631879801","properties":{"highway":"path","incline":"up","mtb:scale":"0","mtb:scale:uphill":"0","sac_scale":"hiking","surface":"earth","trail_visibility":"good","width":"0.3","@id":"way/631879801","osm_way_id":631879801,"incline_source":"OSM","elevation_lower_m":546,"elevation_higher_m":550,"elevation_difference_m":3,"elevation_source":"swisstopo Height Service / swissALTI3D","elevation_status":"ok","elevation_min_m":546,"elevation_max_m":550,"elevation_gain_m":3,"elevation_loss_m":0,"average_grade_percent":10.2,"max_uphill_percent":15.8,"max_downhill_percent":0.0,"grade_window_m":40.0,"elevation_length_m":30,"elevation_profile_ref":"way/631879801"},"geometry":{"type":"LineString","coordinates":[[8.2878051,47.0469248],[8.2876965,47.0470086],[8.2875719,47.0471366]]}},{"type":"Feature","id":"way/632221340","properties":{"highway":"path","incline":"down","mtb:scale":"1","sac_scale":"hiking","smoothness":"very_horrible","surface":"ground","trail_visibility":"excellent","width":"1","@id":"way/632221340","osm_way_id":632221340,"incline_source":"OSM","elevation_lower_m":569,"elevation_higher_m":576,"elevation_difference_m":7,"elevation_source":"swisstopo Height Service / swissALTI3D","elevation_status":"ok","elevation_min_m":569,"elevation_max_m":576,"elevation_gain_m":0,"elevation_loss_m":6,"average_grade_percent":-5.7,"max_uphill_percent":0.0,"max_downhill_percent":-8.4,"grade_window_m":40.0,"elevation_length_m":122,"elevation_profile_ref":"way/632221340"},"geometry":{"type":"LineString","coordinates":[[8.2839466,47.0459675],[8.2845076,47.0458964],[8.2855455,47.0458852]]}},{"type":"Feature","id":"way/633247225","properties":{"highway":"path","mtb:scale":"0","sac_scale":"hiking","smoothness":"horrible","surface":"ground","trail_visibility":"excellent","width":"1","@id":"way/633247225","osm_way_id":633247225,"elevation_lower_m":525,"elevation_higher_m":528,"elevation_difference_m":4,"elevation_source":"swisstopo Height Service / swissALTI3D","elevation_status":"ok","elevation_min_m":525,"elevation_max_m":528,"elevation_gain_m":0,"elevation_loss_m":2,"average_grade_percent":-3.3,"max_uphill_percent":0.0,"max_downhill_percent":-5.9,"grade_window_m":40.0,"elevation_length_m":110,"elevation_profile_ref":"way/633247225"},"geometry":{"type":"LineString","coordinates":[[8.2802714,47.0503537],[8.280384,47.050377],[8.28075,47.0504386],[8.2814416,47.0506117],[8.2815152,47.0506197],[8.2816587,47.050604]]}},{"type":"Feature","id":"way/633635377","properties":{"highway":"path","incline":"up","mtb:scale":"1","mtb:scale:uphill":"3","sac_scale":"hiking","surface":"earth","trail_visibility":"good","width":"0.3","@id":"way/633635377","osm_way_id":633635377,"incline_source":"OSM","elevation_lower_m":540,"elevation_higher_m":550,"elevation_difference_m":10,"elevation_source":"swisstopo Height Service / swissALTI3D","elevation_status":"ok","elevation_min_m":540,"elevation_max_m":550,"elevation_gain_m":10,"elevation_loss_m":0,"average_grade_percent":13.2,"max_uphill_percent":17.4,"max_downhill_percent":0.0,"grade_window_m":40.0,"elevation_length_m":73,"elevation_profile_ref":"way/633635377"},"geometry":{"type":"LineString","coordinates":[[8.2908155,47.0491217],[8.2908656,47.0490004],[8.290876,47.0488903],[8.2909308,47.0487845],[8.2911125,47.0485042]]}},{"type":"Feature","id":"way/1225944161","properties":{"bicycle":"yes","foot":"no","highway":"track","mtb":"yes","mtb:scale":"0","@id":"way/1225944161","osm_way_id":1225944161,"route":"mtb","mtb_route":true,"mtb_route_ids":["3282302"],"mtb_route_names":["Gigeliwald Trail"],"route_name":"Gigeliwald Trail","elevation_lower_m":544,"elevation_higher_m":544,"elevation_difference_m":0,"elevation_source":"swisstopo Height Service / swissALTI3D","elevation_status":"ok","elevation_min_m":544,"elevation_max_m":544,"elevation_gain_m":0,"elevation_loss_m":0,"average_grade_percent":-1.1,"max_uphill_percent":0.0,"max_downhill_percent":-1.2,"grade_window_m":40.0,"elevation_length_m":37,"elevation_profile_ref":"way/1225944161"},"geometry":{"type":"LineString","coordinates":[[8.2923505,47.0443125],[8.292416,47.044274],[8.292501,47.044207],[8.2926797,47.0440656]]}},{"type":"Feature","id":"way/1307197587","properties":{"highway":"path","mtb:scale":"2","sac_scale":"mountain_hiking","tracktype":"grade2","@id":"way/1307197587","osm_way_id":1307197587,"elevation_lower_m":549,"elevation_higher_m":563,"elevation_difference_m":14,"elevation_source":"swisstopo Height Service / swissALTI3D","elevation_status":"ok","elevation_min_m":549,"elevation_max_m":563,"elevation_gain_m":11,"elevation_loss_m":0,"average_grade_percent":9.1,"max_uphill_percent":18.4,"max_downhill_percent":0.0,"grade_window_m":40.0,"elevation_length_m":152,"elevation_profile_ref":"way/1307197587"},"geometry":{"type":"LineString","coordinates":[[8.2750679,47.0479337],[8.2752604,47.0478279],[8.2755746,47.0476513],[8.2759398,47.0474889],[8.2761187,47.0474296],[8.2767349,47.0471809]]}},{"type":"Feature","id":"way/73336224","properties":{"highway":"path","incline":"down","mtb:scale":"1","sac_scale":"hiking","smoothness":"horrible","surface":"gravel","trail_visibility":"excellent","width":"0.5","@id":"way/73336224","osm_way_id":73336224,"incline_source":"OSM","elevation_lower_m":545,"elevation_higher_m":556,"elevation_difference_m":11,"elevation_source":"swisstopo Height Service / swissALTI3D","elevation_status":"ok","elevation_min_m":545,"elevation_max_m":556,"elevation_gain_m":0,"elevation_loss_m":11,"average_grade_percent":-15.9,"max_uphill_percent":0.0,"max_downhill_percent":-17.7,"grade_window_m":40.0,"elevation_length_m":71,"elevation_profile_ref":"way/73336224"},"geometry":{"type":"LineString","coordinates":[[8.2831212,47.0480164],[8.2830557,47.0480752],[8.2829441,47.0481198],[8.2827397,47.0481652],[8.2824203,47.0482045],[8.2823197,47.0482208],[8.2822787,47.0482507]]}},{"type":"Feature","id":"way/353672248","properties":{"highway":"path","incline":"up","mtb:scale":"1","sac_scale":"hiking","smoothness":"very_horrible","surface":"ground","trail_visibility":"excellent","width":"0.5","@id":"way/353672248","osm_way_id":353672248,"incline_source":"OSM","elevation_lower_m":564,"elevation_higher_m":591,"elevation_difference_m":27,"elevation_source":"swisstopo Height Service / swissALTI3D","elevation_status":"ok","elevation_min_m":564,"elevation_max_m":591,"elevation_gain_m":22,"elevation_loss_m":0,"average_grade_percent":7.9,"max_uphill_percent":19.1,"max_downhill_percent":0.0,"grade_window_m":40.0,"elevation_length_m":344,"elevation_profile_ref":"way/353672248"},"geometry":{"type":"LineString","coordinates":[[8.2826773,47.0478463],[8.2818538,47.0476139],[8.2816155,47.0475512],[8.2813844,47.0475007],[8.2808481,47.0473153],[8.2805413,47.0472447],[8.2797513,47.0471331],[8.2795761,47.0471258],[8.2794582,47.047099],[8.2789714,47.0469085],[8.2787321,47.04683],[8.2784545,47.0467689]]}},{"type":"Feature","id":"way/391792417","properties":{"highway":"path","mtb:scale":"0","sac_scale":"hiking","smoothness":"bad","surface":"earth","trail_visibility":"excellent","width":"0.3","@id":"way/391792417","osm_way_id":391792417,"elevation_lower_m":509,"elevation_higher_m":523,"elevation_difference_m":14,"elevation_source":"swisstopo Height Service / swissALTI3D","elevation_status":"ok","elevation_min_m":509,"elevation_max_m":523,"elevation_gain_m":0,"elevation_loss_m":13,"average_grade_percent":-6.3,"max_uphill_percent":0.0,"max_downhill_percent":-26.6,"grade_window_m":40.0,"elevation_length_m":228,"elevation_profile_ref":"way/391792417"},"geometry":{"type":"LineString","coordinates":[[8.2938934,47.0492181],[8.2943494,47.049151],[8.295349,47.049392],[8.295871,47.049525],[8.296109,47.049566],[8.2967359,47.0497337]]}},{"type":"Feature","id":"way/473421088","properties":{"highway":"track","motor_vehicle":"no","mtb:scale":"0","smoothness":"bad","surface":"gravel","tracktype":"grade2","width":"2.5","@id":"way/473421088","osm_way_id":473421088,"elevation_lower_m":546,"elevation_higher_m":558,"elevation_difference_m":12,"elevation_source":"swisstopo Height Service / swissALTI3D","elevation_status":"ok","elevation_min_m":546,"elevation_max_m":558,"elevation_gain_m":9,"elevation_loss_m":0,"average_grade_percent":5.1,"max_uphill_percent":13.1,"max_downhill_percent":-0.3,"grade_window_m":40.0,"elevation_length_m":241,"elevation_profile_ref":"way/473421088"},"geometry":{"type":"LineString","coordinates":[[8.2860063,47.0492033],[8.2860824,47.049098],[8.2861707,47.0489644],[8.2862691,47.0487868],[8.286337,47.048642],[8.2863827,47.0485293],[8.2864704,47.0483176],[8.2865445,47.0480863],[8.2865745,47.0478952],[8.2865772,47.0477855],[8.2865694,47.0476801],[8.2865207,47.0474322],[8.2865266,47.0473503],[8.286559,47.0472641],[8.2865986,47.0472016],[8.2866531,47.0471189]]}},{"type":"Feature","id":"way/551249129","properties":{"highway":"path","mtb:scale":"3","sac_scale":"hiking","smoothness":"very_horrible","surface":"ground","trail_visibility":"good","width":"0.5","@id":"way/551249129","osm_way_id":551249129,"elevation_lower_m":525,"elevation_higher_m":528,"elevation_difference_m":3,"elevation_source":"swisstopo Height Service / swissALTI3D","elevation_status":"ok","elevation_min_m":525,"elevation_max_m":528,"elevation_gain_m":0,"elevation_loss_m":0,"average_grade_percent":-1.4,"max_uphill_percent":1.9,"max_downhill_percent":-4.5,"grade_window_m":40.0,"elevation_length_m":215,"elevation_profile_ref":"way/551249129"},"geometry":{"type":"LineString","coordinates":[[8.2802714,47.0503537],[8.2805941,47.0502108],[8.280844,47.0501648],[8.2810748,47.0502084],[8.2813856,47.0502095],[8.2815956,47.0500425],[8.2817462,47.049977],[8.2819105,47.0499535],[8.2822888,47.0499765],[8.2826781,47.0499897],[8.2828005,47.0499741],[8.2827997,47.0499218]]}},{"type":"Feature","id":"way/625706910","properties":{"highway":"path","incline":"up","informal":"yes","mtb:scale":"1","mtb:scale:uphill":"3","sac_scale":"hiking","smoothness":"horrible","surface":"earth","trail_visibility":"good","width":"0.5","@id":"way/625706910","osm_way_id":625706910,"incline_source":"OSM","elevation_lower_m":524,"elevation_higher_m":529,"elevation_difference_m":5,"elevation_source":"swisstopo Height Service / swissALTI3D","elevation_status":"ok","elevation_min_m":524,"elevation_max_m":529,"elevation_gain_m":5,"elevation_loss_m":0,"average_grade_percent":14.5,"max_uphill_percent":20.8,"max_downhill_percent":0.0,"grade_window_m":40.0,"elevation_length_m":34,"elevation_profile_ref":"way/625706910"},"geometry":{"type":"LineString","coordinates":[[8.2943012,47.0511113],[8.2944443,47.0510305],[8.2945615,47.0509702],[8.2946286,47.050901]]}},{"type":"Feature","id":"way/628752641","properties":{"highway":"path","mtb:scale":"1","sac_scale":"hiking","smoothness":"horrible","surface":"earth","trail_visibility":"excellent","width":"1.5","@id":"way/628752641","osm_way_id":628752641,"elevation_lower_m":513,"elevation_higher_m":521,"elevation_difference_m":8,"elevation_source":"swisstopo Height Service / swissALTI3D","elevation_status":"ok","elevation_min_m":513,"elevation_max_m":521,"elevation_gain_m":8,"elevation_loss_m":0,"average_grade_percent":12.3,"max_uphill_percent":16.0,"max_downhill_percent":0.0,"grade_window_m":40.0,"elevation_length_m":64,"elevation_profile_ref":"way/628752641"},"geometry":{"type":"LineString","coordinates":[[8.2949083,47.0504826],[8.2950102,47.0504554],[8.2951033,47.0504453],[8.2954567,47.0504321],[8.2955247,47.0504207],[8.295567,47.0504035],[8.2956295,47.0503631],[8.2956747,47.0503157]]}},{"type":"Feature","id":"way/632221343","properties":{"bridge":"yes","highway":"path","incline":"down","mtb:scale":"1","sac_scale":"hiking","smoothness":"very_horrible","surface":"wood","trail_visibility":"excellent","width":"1","@id":"way/632221343","osm_way_id":632221343,"incline_source":"OSM","elevation_lower_m":575,"elevation_higher_m":576,"elevation_difference_m":1,"elevation_source":"swisstopo Height Service / swissALTI3D","elevation_status":"ok","elevation_min_m":575,"elevation_max_m":576,"elevation_gain_m":0,"elevation_loss_m":0,"average_grade_percent":7.4,"max_uphill_percent":7.4,"max_downhill_percent":0.0,"grade_window_m":40.0,"elevation_length_m":12,"elevation_profile_ref":"way/632221343"},"geometry":{"type":"LineString","coordinates":[[8.2838447,47.0460527],[8.2839466,47.0459675]]}},{"type":"Feature","id":"way/633836370","properties":{"highway":"path","mtb:scale":"1","sac_scale":"hiking","smoothness":"very_horrible","surface":"ground","trail_visibility":"good","width":"0.3","@id":"way/633836370","osm_way_id":633836370,"elevation_lower_m":525,"elevation_higher_m":525,"elevation_difference_m":1,"elevation_source":"swisstopo Height Service / swissALTI3D","elevation_status":"ok","elevation_min_m":525,"elevation_max_m":525,"elevation_gain_m":0,"elevation_loss_m":0,"average_grade_percent":1.0,"max_uphill_percent":2.3,"max_downhill_percent":0.0,"grade_window_m":40.0,"elevation_length_m":57,"elevation_profile_ref":"way/633836370"},"geometry":{"type":"LineString","coordinates":[[8.2832165,47.050373],[8.2831551,47.0502266],[8.2831244,47.0501704],[8.2830124,47.0501012],[8.2828856,47.0499906],[8.2828005,47.0499741]]}},{"type":"Feature","id":"way/785518095","properties":{"highway":"track","mtb:scale":"0","name":"Schwyzerhüsliweg","tracktype":"grade2","@id":"way/785518095","osm_way_id":785518095,"elevation_lower_m":586,"elevation_higher_m":593,"elevation_difference_m":7,"elevation_source":"swisstopo Height Service / swissALTI3D","elevation_status":"ok","elevation_min_m":586,"elevation_max_m":593,"elevation_gain_m":0,"elevation_loss_m":7,"average_grade_percent":-12.7,"max_uphill_percent":0.0,"max_downhill_percent":-13.8,"grade_window_m":40.0,"elevation_length_m":55,"elevation_profile_ref":"way/785518095"},"geometry":{"type":"LineString","coordinates":[[8.2821025,47.0462141],[8.2825012,47.0463247],[8.2827813,47.0463733]]}},{"type":"Feature","id":"way/1307197588","properties":{"handrail":"no","highway":"steps","material":"wood","mtb:scale":"2","mtb:scale:uphill":"4","sac_scale":"mountain_hiking","surface":"dirt","tactile_paving":"no","tracktype":"grade2","@id":"way/1307197588","osm_way_id":1307197588,"elevation_lower_m":563,"elevation_higher_m":568,"elevation_difference_m":5,"elevation_source":"swisstopo Height Service / swissALTI3D","elevation_status":"ok","elevation_min_m":563,"elevation_max_m":568,"elevation_gain_m":5,"elevation_loss_m":0,"average_grade_percent":13.2,"max_uphill_percent":13.5,"max_downhill_percent":0.0,"grade_window_m":40.0,"elevation_length_m":41,"elevation_profile_ref":"way/1307197588"},"geometry":{"type":"LineString","coordinates":[[8.2767349,47.0471809],[8.2771892,47.0469836]]}},{"type":"Feature","id":"way/73541576","properties":{"bridge":"yes","highway":"track","mtb:scale":"0","smoothness":"bad","surface":"fine_gravel","tracktype":"grade2","width":"3","@id":"way/73541576","osm_way_id":73541576,"elevation_lower_m":538,"elevation_higher_m":539,"elevation_difference_m":0,"elevation_source":"swisstopo Height Service / swissALTI3D","elevation_status":"ok","elevation_min_m":538,"elevation_max_m":539,"elevation_gain_m":0,"elevation_loss_m":0,"average_grade_percent":2.5,"max_uphill_percent":2.5,"max_downhill_percent":0.0,"grade_window_m":40.0,"elevation_length_m":12,"elevation_profile_ref":"way/73541576"},"geometry":{"type":"LineString","coordinates":[[8.2892058,47.0469348],[8.2890877,47.0470044]]}},{"type":"Feature","id":"way/75650816","properties":{"highway":"path","incline":"down","mtb:scale":"1","mtb:scale:uphill":"3","sac_scale":"hiking","smoothness":"very_horrible","surface":"ground","trail_visibility":"excellent","width":"0.5","@id":"way/75650816","osm_way_id":75650816,"incline_source":"OSM","elevation_lower_m":523,"elevation_higher_m":556,"elevation_difference_m":37,"elevation_source":"swisstopo Height Service / swissALTI3D","elevation_status":"ok","elevation_min_m":523,"elevation_max_m":560,"elevation_gain_m":5,"elevation_loss_m":34,"average_grade_percent":-6.4,"max_uphill_percent":9.4,"max_downhill_percent":-28.3,"grade_window_m":40.0,"elevation_length_m":522,"elevation_profile_ref":"way/75650816"},"geometry":{"type":"LineString","coordinates":[[8.2875412,47.0476291],[8.2877692,47.0476711],[8.2880975,47.0477473],[8.2883497,47.0477842],[8.2887348,47.0479599],[8.2890513,47.0480366],[8.2894336,47.0480945],[8.2897995,47.048164],[8.2900335,47.0482505],[8.2907296,47.048385],[8.2911125,47.0485042],[8.2915405,47.0485706],[8.2918229,47.0486739],[8.2921133,47.0487431],[8.2926562,47.0488115],[8.2932087,47.0489285],[8.2935896,47.0490418],[8.2936942,47.0490729],[8.2938725,47.0491153],[8.2938934,47.0492181]]}},{"type":"Feature","id":"way/107631848","properties":{"highway":"track","incline":"up","mtb:scale":"0","mtb:scale:uphill":"0","smoothness":"intermediate","surface":"asphalt","tracktype":"grade1","width":"3","@id":"way/107631848","osm_way_id":107631848,"incline_source":"OSM","elevation_lower_m":525,"elevation_higher_m":533,"elevation_difference_m":8,"elevation_source":"swisstopo Height Service / swissALTI3D","elevation_status":"ok","elevation_min_m":525,"elevation_max_m":533,"elevation_gain_m":5,"elevation_loss_m":0,"average_grade_percent":2.3,"max_uphill_percent":8.4,"max_downhill_percent":-1.5,"grade_window_m":40.0,"elevation_length_m":347,"elevation_profile_ref":"way/107631848"},"geometry":{"type":"LineString","coordinates":[[8.2929285,47.0520475],[8.2929389,47.051924],[8.2929285,47.0518513],[8.2928933,47.0518003],[8.2928506,47.0517548],[8.2928002,47.0517207],[8.2927375,47.0516895],[8.2926345,47.0516569],[8.2923732,47.0516048],[8.2918674,47.0515319],[8.2908081,47.0513644],[8.2903091,47.0512683],[8.2901649,47.0512089],[8.2900954,47.0511586],[8.2900241,47.0510671],[8.2899201,47.0509022],[8.289859,47.0507682],[8.289827,47.050668],[8.289797,47.050542],[8.2897754,47.0503737]]}},{"type":"Feature","id":"way/391792420","properties":{"highway":"path","incline":"down","mtb:scale":"1","mtb:scale:uphill":"1","sac_scale":"hiking","smoothness":"horrible","surface":"gravel","trail_visibility":"excellent","width":"1","@id":"way/391792420","osm_way_id":391792420,"incline_source":"OSM","elevation_lower_m":501,"elevation_higher_m":512,"elevation_difference_m":11,"elevation_source":"swisstopo Height Service / swissALTI3D","elevation_status":"ok","elevation_min_m":501,"elevation_max_m":512,"elevation_gain_m":0,"elevation_loss_m":10,"average_grade_percent":-11.0,"max_uphill_percent":0.0,"max_downhill_percent":-16.9,"grade_window_m":40.0,"elevation_length_m":99,"elevation_profile_ref":"way/391792420"},"geometry":{"type":"LineString","coordinates":[[8.2959869,47.0499987],[8.2960589,47.0499543],[8.29624,47.04988],[8.2964269,47.0498304],[8.2966446,47.0497901],[8.2967359,47.0497337],[8.2967345,47.0496546],[8.296635,47.0494411]]}},{"type":"Feature","id":"way/473421089","properties":{"highway":"track","incline":"down","motor_vehicle":"no","mtb:scale":"0","mtb:scale:uphill":"0","smoothness":"bad","surface":"gravel","tracktype":"grade2","@id":"way/473421089","osm_way_id":473421089,"incline_source":"OSM","elevation_lower_m":528,"elevation_higher_m":546,"elevation_difference_m":18,"elevation_source":"swisstopo Height Service / swissALTI3D","elevation_status":"ok","elevation_min_m":528,"elevation_max_m":546,"elevation_gain_m":0,"elevation_loss_m":17,"average_grade_percent":-10.6,"max_uphill_percent":0.0,"max_downhill_percent":-15.3,"grade_window_m":40.0,"elevation_length_m":168,"elevation_profile_ref":"way/473421089"},"geometry":{"type":"LineString","coordinates":[[8.2860063,47.0492033],[8.2858217,47.0494699],[8.2855965,47.0497949],[8.2851126,47.0504671],[8.2850687,47.0505682]]}},{"type":"Feature","id":"way/551249130","properties":{"highway":"path","incline":"down","mtb:scale":"0","mtb:scale:uphill":"0","sac_scale":"hiking","smoothness":"very_bad","surface":"gravel","trail_visibility":"excellent","width":"1","@id":"way/551249130","osm_way_id":551249130,"incline_source":"OSM","elevation_lower_m":528,"elevation_higher_m":528,"elevation_difference_m":2,"elevation_source":"swisstopo Height Service / swissALTI3D","elevation_status":"ok","elevation_min_m":526,"elevation_max_m":528,"elevation_gain_m":1,"elevation_loss_m":0,"average_grade_percent":-0.1,"max_uphill_percent":6.6,"max_downhill_percent":-3.2,"grade_window_m":40.0,"elevation_length_m":180,"elevation_profile_ref":"way/551249130"},"geometry":{"type":"LineString","coordinates":[[8.2850687,47.0505682],[8.284776,47.0504272],[8.2839575,47.0501056],[8.283634,47.049996],[8.2833591,47.049904],[8.2831049,47.0498107],[8.2831127,47.0497348]]}},{"type":"Feature","id":"way/627777423","properties":{"highway":"path","incline":"up","mtb:scale":"0","sac_scale":"hiking","smoothness":"bad","surface":"gravel","trail_visibility":"excellent","width":"2","@id":"way/627777423","osm_way_id":627777423,"incline_source":"OSM","elevation_lower_m":534,"elevation_higher_m":536,"elevation_difference_m":2,"elevation_source":"swisstopo Height Service / swissALTI3D","elevation_status":"ok","elevation_min_m":534,"elevation_max_m":536,"elevation_gain_m":2,"elevation_loss_m":0,"average_grade_percent":7.2,"max_uphill_percent":7.2,"max_downhill_percent":0.0,"grade_window_m":40.0,"elevation_length_m":32,"elevation_profile_ref":"way/627777423"},"geometry":{"type":"LineString","coordinates":[[8.2903485,47.0498872],[8.290185,47.0498357],[8.289954,47.0497841]]}},{"type":"Feature","id":"way/633836371","properties":{"highway":"path","mtb:scale":"1","sac_scale":"hiking","smoothness":"very_horrible","surface":"ground","trail_visibility":"good","width":"0.3","@id":"way/633836371","osm_way_id":633836371,"elevation_lower_m":528,"elevation_higher_m":530,"elevation_difference_m":2,"elevation_source":"swisstopo Height Service / swissALTI3D","elevation_status":"ok","elevation_min_m":528,"elevation_max_m":530,"elevation_gain_m":0,"elevation_loss_m":2,"average_grade_percent":-8.3,"max_uphill_percent":0.0,"max_downhill_percent":-8.3,"grade_window_m":40.0,"elevation_length_m":24,"elevation_profile_ref":"way/633836371"},"geometry":{"type":"LineString","coordinates":[[8.2846882,47.0508843],[8.2847119,47.0508302],[8.2847795,47.0506764]]}},{"type":"Feature","id":"way/1454901239","properties":{"highway":"track","mtb:scale":"1","mtb:scale:uphill":"0","surface":"dirt","tracktype":"grade4","@id":"way/1454901239","osm_way_id":1454901239,"elevation_lower_m":604,"elevation_higher_m":607,"elevation_difference_m":4,"elevation_source":"swisstopo Height Service / swissALTI3D","elevation_status":"ok","elevation_min_m":604,"elevation_max_m":607,"elevation_gain_m":3,"elevation_loss_m":0,"average_grade_percent":15.2,"max_uphill_percent":15.2,"max_downhill_percent":0.0,"grade_window_m":40.0,"elevation_length_m":26,"elevation_profile_ref":"way/1454901239"},"geometry":{"type":"LineString","coordinates":[[8.2812694,47.0461479],[8.2809782,47.0460306]]}},{"type":"Feature","id":"way/75650818","properties":{"highway":"track","incline":"down","motor_vehicle":"no","mtb:scale":"0","mtb:scale:uphill":"0","smoothness":"very_bad","surface":"fine_gravel","tracktype":"grade2","width":"3","@id":"way/75650818","osm_way_id":75650818,"incline_source":"OSM","elevation_lower_m":524,"elevation_higher_m":536,"elevation_difference_m":12,"elevation_source":"swisstopo Height Service / swissALTI3D","elevation_status":"ok","elevation_min_m":524,"elevation_max_m":536,"elevation_gain_m":0,"elevation_loss_m":11,"average_grade_percent":-8.1,"max_uphill_percent":0.0,"max_downhill_percent":-9.0,"grade_window_m":40.0,"elevation_length_m":149,"elevation_profile_ref":"way/75650818"},"geometry":{"type":"LineString","coordinates":[[8.2915315,47.0492142],[8.291783,47.0492255],[8.2919469,47.0492427],[8.2926423,47.04936],[8.2930653,47.0494218],[8.2934464,47.0493425]]}},{"type":"Feature","id":"way/107631935","properties":{"highway":"track","mtb:scale":"0","smoothness":"bad","surface":"fine_gravel","tracktype":"grade2","width":"2","@id":"way/107631935","osm_way_id":107631935,"elevation_lower_m":488,"elevation_higher_m":500,"elevation_difference_m":12,"elevation_source":"swisstopo Height Service / swissALTI3D","elevation_status":"ok","elevation_min_m":488,"elevation_max_m":500,"elevation_gain_m":0,"elevation_loss_m":9,"average_grade_percent":-4.3,"max_uphill_percent":0.0,"max_downhill_percent":-11.0,"grade_window_m":40.0,"elevation_length_m":284,"elevation_profile_ref":"way/107631935"},"geometry":{"type":"LineString","coordinates":[[8.2788553,47.0505403],[8.2791612,47.0505932],[8.2800103,47.0507886],[8.2808211,47.05095],[8.281229,47.0510667],[8.2813825,47.0511233],[8.2814649,47.0511622],[8.2815632,47.0512158],[8.281711,47.0513223],[8.2818561,47.0514127],[8.2819082,47.0514552],[8.2819315,47.0515104],[8.2819701,47.0516038],[8.2819897,47.0516341],[8.2820173,47.0516576],[8.2820488,47.0516743]]}},{"type":"Feature","id":"way/473421090","properties":{"highway":"track","incline":"up","mtb:scale":"0","mtb:scale:uphill":"0","smoothness":"very_bad","surface":"gravel","tracktype":"grade2","width":"3","@id":"way/473421090","osm_way_id":473421090,"incline_source":"OSM","elevation_lower_m":528,"elevation_higher_m":533,"elevation_difference_m":5,"elevation_source":"swisstopo Height Service / swissALTI3D","elevation_status":"ok","elevation_min_m":528,"elevation_max_m":533,"elevation_gain_m":0,"elevation_loss_m":0,"average_grade_percent":1.3,"max_uphill_percent":4.0,"max_downhill_percent":-0.7,"grade_window_m":40.0,"elevation_length_m":383,"elevation_profile_ref":"way/473421090"},"geometry":{"type":"LineString","coordinates":[[8.2850687,47.0505682],[8.2853163,47.0505997],[8.2854312,47.0506278],[8.2860073,47.0508407],[8.2861793,47.0508897],[8.286372,47.0509274],[8.2866938,47.05098],[8.2868867,47.0509987],[8.28715,47.051009],[8.287493,47.051005],[8.2877849,47.0509913],[8.2879336,47.0509741],[8.2880793,47.0509409],[8.2882332,47.0508897],[8.2883578,47.0508361],[8.2887329,47.0506238],[8.2888436,47.0505806],[8.2890025,47.0505374],[8.2892068,47.0504954],[8.289549,47.050417],[8.2897754,47.0503737]]}},{"type":"Feature","id":"way/551249131","properties":{"highway":"path","horse_scale":"impossible","incline":"up","mtb:scale":"4","mtb:scale:uphill":"4","sac_scale":"mountain_hiking","surface":"earth","trail_visibility":"excellent","width":"0.3","@id":"way/551249131","osm_way_id":551249131,"incline_source":"OSM","elevation_lower_m":480,"elevation_higher_m":527,"elevation_difference_m":47,"elevation_source":"swisstopo Height Service / swissALTI3D","elevation_status":"ok","elevation_min_m":480,"elevation_max_m":527,"elevation_gain_m":47,"elevation_loss_m":0,"average_grade_percent":21.6,"max_uphill_percent":36.0,"max_downhill_percent":0.0,"grade_window_m":40.0,"elevation_length_m":216,"elevation_profile_ref":"way/551249131"},"geometry":{"type":"LineString","coordinates":[[8.2860765,47.0525127],[8.2860603,47.0523407],[8.2860854,47.0522253],[8.2860519,47.0521849],[8.2860033,47.0521333],[8.2860077,47.0521172],[8.2859644,47.0520608],[8.2859848,47.0519941],[8.2858438,47.0517799],[8.2857617,47.0516145],[8.2857657,47.0515738],[8.2856906,47.0515305],[8.2855683,47.0513493],[8.2854878,47.0512733],[8.2854292,47.0512092],[8.2853825,47.0510805],[8.2853053,47.0510469],[8.2852018,47.0508998],[8.2851276,47.0508617],[8.2849926,47.0508479]]}},{"type":"Feature","id":"way/625727604","properties":{"highway":"path","incline":"down","mtb:scale":"0","sac_scale":"hiking","smoothness":"very_bad","surface":"gravel","trail_visibility":"excellent","width":"1","@id":"way/625727604","osm_way_id":625727604,"incline_source":"OSM","elevation_lower_m":524,"elevation_higher_m":529,"elevation_difference_m":5,"elevation_source":"swisstopo Height Service / swissALTI3D","elevation_status":"ok","elevation_min_m":524,"elevation_max_m":529,"elevation_gain_m":0,"elevation_loss_m":5,"average_grade_percent":-14.7,"max_uphill_percent":0.0,"max_downhill_percent":-17.0,"grade_window_m":40.0,"elevation_length_m":35,"elevation_profile_ref":"way/625727604"},"geometry":{"type":"LineString","coordinates":[[8.2946286,47.050901],[8.2950161,47.051002],[8.2950389,47.0510334]]}},{"type":"Feature","id":"way/626600735","properties":{"highway":"track","motor_vehicle":"no","mtb:scale":"0","smoothness":"bad","surface":"fine_gravel","tracktype":"grade2","width":"2.5","@id":"way/626600735","osm_way_id":626600735,"elevation_lower_m":552,"elevation_higher_m":556,"elevation_difference_m":4,"elevation_source":"swisstopo Height Service / swissALTI3D","elevation_status":"ok","elevation_min_m":552,"elevation_max_m":556,"elevation_gain_m":0,"elevation_loss_m":0,"average_grade_percent":-2.7,"max_uphill_percent":0.0,"max_downhill_percent":-4.0,"grade_window_m":40.0,"elevation_length_m":158,"elevation_profile_ref":"way/626600735"},"geometry":{"type":"LineString","coordinates":[[8.2865445,47.0480863],[8.2871121,47.0482375],[8.2877942,47.0484276],[8.2882757,47.0485275],[8.288498,47.0485774]]}},{"type":"Feature","id":"way/627777424","properties":{"highway":"path","incline":"up","mtb:scale":"0","sac_scale":"hiking","smoothness":"bad","surface":"gravel","trail_visibility":"excellent","width":"2","@id":"way/627777424","osm_way_id":627777424,"incline_source":"OSM","elevation_lower_m":534,"elevation_higher_m":536,"elevation_difference_m":1,"elevation_source":"swisstopo Height Service / swissALTI3D","elevation_status":"ok","elevation_min_m":534,"elevation_max_m":536,"elevation_gain_m":1,"elevation_loss_m":0,"average_grade_percent":5.4,"max_uphill_percent":5.4,"max_downhill_percent":0.0,"grade_window_m":40.0,"elevation_length_m":26,"elevation_profile_ref":"way/627777424"},"geometry":{"type":"LineString","coordinates":[[8.2900309,47.0500416],[8.2901322,47.0499487],[8.290185,47.0498357]]}},{"type":"Feature","id":"way/631513281","properties":{"highway":"track","incline":"up","mtb:scale":"0","mtb:scale:uphill":"0","smoothness":"bad","surface":"fine_gravel","tracktype":"grade2","width":"2.5","@id":"way/631513281","osm_way_id":631513281,"incline_source":"OSM","elevation_lower_m":539,"elevation_higher_m":542,"elevation_difference_m":3,"elevation_source":"swisstopo Height Service / swissALTI3D","elevation_status":"ok","elevation_min_m":539,"elevation_max_m":542,"elevation_gain_m":2,"elevation_loss_m":0,"average_grade_percent":5.5,"max_uphill_percent":6.0,"max_downhill_percent":0.0,"grade_window_m":40.0,"elevation_length_m":60,"elevation_profile_ref":"way/631513281"},"geometry":{"type":"LineString","coordinates":[[8.2890877,47.0470044],[8.2891234,47.0471478],[8.2891536,47.0472023],[8.2891925,47.0472451],[8.289276,47.0472997],[8.2895275,47.0474218]]}},{"type":"Feature","id":"way/634685819","properties":{"highway":"path","mtb:scale":"1","sac_scale":"hiking","smoothness":"horrible","surface":"ground","trail_visibility":"good","width":"0.3","@id":"way/634685819","osm_way_id":634685819,"elevation_lower_m":552,"elevation_higher_m":552,"elevation_difference_m":0,"elevation_source":"swisstopo Height Service / swissALTI3D","elevation_status":"ok","elevation_min_m":552,"elevation_max_m":552,"elevation_gain_m":0,"elevation_loss_m":0,"average_grade_percent":-2.8,"max_uphill_percent":0.0,"max_downhill_percent":-2.8,"grade_window_m":40.0,"elevation_length_m":15,"elevation_profile_ref":"way/634685819"},"geometry":{"type":"LineString","coordinates":[[8.2882757,47.0485275],[8.2884243,47.0484448]]}},{"type":"Feature","id":"way/1349559764","properties":{"highway":"path","mtb:scale":"3","sac_scale":"hiking","smoothness":"very_horrible","surface":"ground","trail_visibility":"good","width":"0.5","@id":"way/1349559764","osm_way_id":1349559764,"elevation_lower_m":525,"elevation_higher_m":533,"elevation_difference_m":8,"elevation_source":"swisstopo Height Service / swissALTI3D","elevation_status":"ok","elevation_min_m":525,"elevation_max_m":533,"elevation_gain_m":7,"elevation_loss_m":0,"average_grade_percent":7.3,"max_uphill_percent":8.6,"max_downhill_percent":0.0,"grade_window_m":40.0,"elevation_length_m":110,"elevation_profile_ref":"way/1349559764"},"geometry":{"type":"LineString","coordinates":[[8.2828605,47.0498832],[8.2829313,47.0499063],[8.2831049,47.0498107],[8.2838864,47.0492331]]}},{"type":"Feature","id":"way/1454901240","properties":{"highway":"track","incline":"up","motor_vehicle":"no","mtb:scale":"0","mtb:scale:uphill":"0","name":"Schwyzerhüsliweg","smoothness":"very_bad","surface":"gravel","tracktype":"grade2","width":"3.5","@id":"way/1454901240","osm_way_id":1454901240,"incline_source":"OSM","elevation_lower_m":558,"elevation_higher_m":586,"elevation_difference_m":28,"elevation_source":"swisstopo Height Service / swissALTI3D","elevation_status":"ok","elevation_min_m":558,"elevation_max_m":586,"elevation_gain_m":26,"elevation_loss_m":0,"average_grade_percent":8.8,"max_uphill_percent":15.2,"max_downhill_percent":0.0,"grade_window_m":40.0,"elevation_length_m":317,"elevation_profile_ref":"way/1454901240"},"geometry":{"type":"LineString","coordinates":[[8.2866531,47.0471189],[8.2862498,47.0469725],[8.2858216,47.0468396],[8.2855647,47.0467606],[8.285365,47.0466799],[8.2850947,47.0465557],[8.2849521,47.0464947],[8.2848243,47.046459],[8.2846433,47.0464283],[8.2841456,47.0463521],[8.283492,47.04625],[8.2832704,47.0462529],[8.2830671,47.0462841],[8.2827813,47.0463733]]}},{"type":"Feature","id":"way/75650819","properties":{"highway":"track","incline":"up","mtb:scale":"1","mtb:scale:uphill":"3","smoothness":"horrible","surface":"gravel","tracktype":"grade2","width":"2.5","@id":"way/75650819","osm_way_id":75650819,"incline_source":"OSM","elevation_lower_m":536,"elevation_higher_m":544,"elevation_difference_m":8,"elevation_source":"swisstopo Height Service / swissALTI3D","elevation_status":"ok","elevation_min_m":536,"elevation_max_m":544,"elevation_gain_m":8,"elevation_loss_m":0,"average_grade_percent":12.3,"max_uphill_percent":19.0,"max_downhill_percent":0.0,"grade_window_m":40.0,"elevation_length_m":64,"elevation_profile_ref":"way/75650819"},"geometry":{"type":"LineString","coordinates":[[8.2915315,47.0492142],[8.2915482,47.0491378],[8.2916154,47.049052],[8.2916856,47.0489437],[8.2917402,47.0488247],[8.291766,47.048763],[8.2918229,47.0486739]]}},{"type":"Feature","id":"way/87232823","properties":{"bicycle":"yes","highway":"track","incline":"up","mtb:scale":"1","mtb:scale:uphill":"0","surface":"concrete","tracktype":"grade1","vehicle":"no","@id":"way/87232823","osm_way_id":87232823,"incline_source":"OSM","elevation_lower_m":642,"elevation_higher_m":656,"elevation_difference_m":14,"elevation_source":"swisstopo Height Service / swissALTI3D","elevation_status":"ok","elevation_min_m":642,"elevation_max_m":656,"elevation_gain_m":14,"elevation_loss_m":0,"average_grade_percent":9.5,"max_uphill_percent":14.1,"max_downhill_percent":0.0,"grade_window_m":40.0,"elevation_length_m":151,"elevation_profile_ref":"way/87232823"},"geometry":{"type":"LineString","coordinates":[[8.2771606,47.045575],[8.2770487,47.0455524],[8.2768895,47.0455147],[8.2767258,47.0454771],[8.2766427,47.0454442],[8.2765612,47.0454018],[8.2762701,47.0452357],[8.2758074,47.0449683],[8.2756966,47.0448811],[8.2756551,47.0448432],[8.2755908,47.04478]]}},{"type":"Feature","id":"way/391792395","properties":{"highway":"path","incline":"up","mtb:scale":"1","sac_scale":"hiking","surface":"gravel","trail_visibility":"excellent","width":"0.5","@id":"way/391792395","osm_way_id":391792395,"incline_source":"OSM","elevation_lower_m":518,"elevation_higher_m":531,"elevation_difference_m":13,"elevation_source":"swisstopo Height Service / swissALTI3D","elevation_status":"ok","elevation_min_m":518,"elevation_max_m":532,"elevation_gain_m":13,"elevation_loss_m":0,"average_grade_percent":7.4,"max_uphill_percent":11.9,"max_downhill_percent":-2.3,"grade_window_m":40.0,"elevation_length_m":171,"elevation_profile_ref":"way/391792395"},"geometry":{"type":"LineString","coordinates":[[8.2912724,47.0524245],[8.2910598,47.0523274],[8.2907446,47.0521715],[8.2904727,47.0520704],[8.2902019,47.0514089],[8.2901649,47.0512089]]}},{"type":"Feature","id":"way/473421091","properties":{"highway":"track","incline":"down","mtb:scale":"1","mtb:scale:uphill":"4","smoothness":"very_bad","surface":"gravel","tracktype":"grade2","width":"2","@id":"way/473421091","osm_way_id":473421091,"incline_source":"OSM","elevation_lower_m":528,"elevation_higher_m":528,"elevation_difference_m":0,"elevation_source":"swisstopo Height Service / swissALTI3D","elevation_status":"ok","elevation_min_m":528,"elevation_max_m":528,"elevation_gain_m":0,"elevation_loss_m":0,"average_grade_percent":0.0,"max_uphill_percent":0.0,"max_downhill_percent":0.0,"grade_window_m":40.0,"elevation_length_m":10,"elevation_profile_ref":"way/473421091"},"geometry":{"type":"LineString","coordinates":[[8.2850687,47.0505682],[8.2849865,47.0506335]]}},{"type":"Feature","id":"way/626614951","properties":{"highway":"path","incline":"up","mtb:scale":"1","sac_scale":"hiking","smoothness":"horrible","surface":"ground","trail_visibility":"good","width":"0.5","@id":"way/626614951","osm_way_id":626614951,"incline_source":"OSM","elevation_lower_m":533,"elevation_higher_m":542,"elevation_difference_m":8,"elevation_source":"swisstopo Height Service / swissALTI3D","elevation_status":"ok","elevation_min_m":533,"elevation_max_m":542,"elevation_gain_m":8,"elevation_loss_m":0,"average_grade_percent":18.2,"max_uphill_percent":19.7,"max_downhill_percent":0.0,"grade_window_m":40.0,"elevation_length_m":46,"elevation_profile_ref":"way/626614951"},"geometry":{"type":"LineString","coordinates":[[8.2838864,47.0492331],[8.283871,47.049105],[8.283848,47.049038],[8.2838968,47.0488239]]}},{"type":"Feature","id":"way/627778480","properties":{"highway":"path","incline":"up","mtb:scale":"2","mtb:scale:uphill":"2","sac_scale":"hiking","smoothness":"very_horrible","surface":"gravel","trail_visibility":"excellent","width":"0.5","@id":"way/627778480","osm_way_id":627778480,"incline_source":"OSM","elevation_lower_m":521,"elevation_higher_m":524,"elevation_difference_m":3,"elevation_source":"swisstopo Height Service / swissALTI3D","elevation_status":"ok","elevation_min_m":521,"elevation_max_m":524,"elevation_gain_m":3,"elevation_loss_m":0,"average_grade_percent":9.4,"max_uphill_percent":15.7,"max_downhill_percent":0.0,"grade_window_m":40.0,"elevation_length_m":28,"elevation_profile_ref":"way/627778480"},"geometry":{"type":"LineString","coordinates":[[8.2947449,47.0511762],[8.2948202,47.0511414],[8.2949964,47.0510708],[8.2950389,47.0510334]]}},{"type":"Feature","id":"way/631513282","properties":{"highway":"track","mtb:scale":"0","smoothness":"bad","surface":"fine_gravel","tracktype":"grade2","width":"2","@id":"way/631513282","osm_way_id":631513282,"elevation_lower_m":538,"elevation_higher_m":538,"elevation_difference_m":1,"elevation_source":"swisstopo Height Service / swissALTI3D","elevation_status":"ok","elevation_min_m":538,"elevation_max_m":539,"elevation_gain_m":0,"elevation_loss_m":0,"average_grade_percent":0.7,"max_uphill_percent":2.1,"max_downhill_percent":-1.6,"grade_window_m":40.0,"elevation_length_m":86,"elevation_profile_ref":"way/631513282"},"geometry":{"type":"LineString","coordinates":[[8.2903182,47.0468416],[8.2899185,47.0469196],[8.2895646,47.046963],[8.2892058,47.0469348]]}},{"type":"Feature","id":"way/634685820","properties":{"highway":"path","incline":"down","mtb:scale":"1","mtb:scale:uphill":"3","sac_scale":"hiking","smoothness":"very_horrible","surface":"ground","trail_visibility":"excellent","width":"0.5","@id":"way/634685820","osm_way_id":634685820,"incline_source":"OSM","elevation_lower_m":528,"elevation_higher_m":544,"elevation_difference_m":16,"elevation_source":"swisstopo Height Service / swissALTI3D","elevation_status":"ok","elevation_min_m":528,"elevation_max_m":544,"elevation_gain_m":0,"elevation_loss_m":16,"average_grade_percent":-13.4,"max_uphill_percent":0.0,"max_downhill_percent":-16.5,"grade_window_m":40.0,"elevation_length_m":117,"elevation_profile_ref":"way/634685820"},"geometry":{"type":"LineString","coordinates":[[8.2918229,47.0486739],[8.2919144,47.0485997],[8.2919465,47.0485571],[8.291951,47.0485278],[8.2919249,47.0484714],[8.2918559,47.0483809],[8.2917908,47.0483293],[8.2917506,47.0482703],[8.2916279,47.0481546],[8.291524,47.0480432],[8.2914802,47.047979],[8.2914623,47.0479421],[8.2914674,47.0479003],[8.2915358,47.0477519]]}},{"type":"Feature","id":"way/639943686","properties":{"highway":"path","mtb:scale":"1","sac_scale":"hiking","smoothness":"very_horrible","surface":"ground","trail_visibility":"good","width":"0.3","@id":"way/639943686","osm_way_id":639943686,"elevation_lower_m":582,"elevation_higher_m":584,"elevation_difference_m":2,"elevation_source":"swisstopo Height Service / swissALTI3D","elevation_status":"ok","elevation_min_m":582,"elevation_max_m":584,"elevation_gain_m":0,"elevation_loss_m":0,"average_grade_percent":-0.9,"max_uphill_percent":2.7,"max_downhill_percent":-4.2,"grade_window_m":40.0,"elevation_length_m":261,"elevation_profile_ref":"way/639943686"},"geometry":{"type":"LineString","coordinates":[[8.2789714,47.0469085],[8.2795771,47.0469241],[8.2805249,47.0469148],[8.2806248,47.0469301],[8.2811138,47.047021],[8.2815878,47.0470751],[8.2823703,47.0472036]]}},{"type":"Feature","id":"way/1349559765","properties":{"bridge":"yes","highway":"path","layer":"1","mtb:scale":"3","sac_scale":"hiking","smoothness":"very_horrible","surface":"ground","trail_visibility":"good","width":"0.5","@id":"way/1349559765","osm_way_id":1349559765,"elevation_lower_m":525,"elevation_higher_m":525,"elevation_difference_m":0,"elevation_source":"swisstopo Height Service / swissALTI3D","elevation_status":"ok","elevation_min_m":525,"elevation_max_m":525,"elevation_gain_m":0,"elevation_loss_m":0,"average_grade_percent":-3.2,"max_uphill_percent":0.0,"max_downhill_percent":-3.2,"grade_window_m":40.0,"elevation_length_m":6,"elevation_profile_ref":"way/1349559765"},"geometry":{"type":"LineString","coordinates":[[8.2827997,47.0499218],[8.2828605,47.0498832]]}}]}